filepath,label_id,label
/home/ispaik/me203/Lab8/lab8_materials/data_Dec7_processed/green/green_000001.png,0,green
/home/ispaik/me203/Lab8/lab8_materials/data_Dec7_processed/green/green_000002.png,0,green
/home/ispaik/me203/Lab8/lab8_materials/data_Dec7_processed/green/green_000003.png,0,green
/home/ispaik/me203/Lab8/lab8_materials/data_Dec7_processed/green/green_000004.png,0,green
/home/ispaik/me203/Lab8/lab8_materials/data_Dec7_processed/green/green_000005.png,0,green
/home/ispaik/me203/Lab8/lab8_materials/data_Dec7_processed/green/green_000006.png,0,green
/home/ispaik/me203/Lab8/lab8_materials/data_Dec7_processed/green/green_000007.png,0,green
/home/ispaik/me203/Lab8/lab8_materials/data_Dec7_processed/green/green_000008.png,0,green
/home/ispaik/me203/Lab8/lab8_materials/data_Dec7_processed/green/green_000009.png,0,green
/home/ispaik/me203/Lab8/lab8_materials/data_Dec7_processed/green/green_000010.png,0,green
/home/ispaik/me203/Lab8/lab8_materials/data_Dec7_processed/green/green_000011.png,0,green
/home/ispaik/me203/Lab8/lab8_materials/data_Dec7_processed/green/green_000012.png,0,green
/home/ispaik/me203/Lab8/lab8_materials/data_Dec7_processed/green/green_000013.png,0,green
/home/ispaik/me203/Lab8/lab8_materials/data_Dec7_processed/green/green_000014.png,0,green
/home/ispaik/me203/Lab8/lab8_materials/data_Dec7_processed/green/green_000015.png,0,green
/home/ispaik/me203/Lab8/lab8_materials/data_Dec7_processed/green/green_000016.png,0,green
/home/ispaik/me203/Lab8/lab8_materials/data_Dec7_processed/green/green_000017.png,0,green
/home/ispaik/me203/Lab8/lab8_materials/data_Dec7_processed/green/green_000018.png,0,green
/home/ispaik/me203/Lab8/lab8_materials/data_Dec7_processed/green/green_000019.png,0,green
/home/ispaik/me203/Lab8/lab8_materials/data_Dec7_processed/green/green_000020.png,0,green
/home/ispaik/me203/Lab8/lab8_materials/data_Dec7_processed/green/green_000021.png,0,green
/home/ispaik/me203/Lab8/lab8_materials/data_Dec7_processed/green/green_000022.png,0,green
/home/ispaik/me203/Lab8/lab8_materials/data_Dec7_processed/green/green_000023.png,0,green
/home/ispaik/me203/Lab8/lab8_materials/data_Dec7_processed/green/green_000024.png,0,green
/home/ispaik/me203/Lab8/lab8_materials/data_Dec7_processed/green/green_000025.png,0,green
/home/ispaik/me203/Lab8/lab8_materials/data_Dec7_processed/green/green_000026.png,0,green
/home/ispaik/me203/Lab8/lab8_materials/data_Dec7_processed/green/green_000027.png,0,green
/home/ispaik/me203/Lab8/lab8_materials/data_Dec7_processed/green/green_000028.png,0,green
/home/ispaik/me203/Lab8/lab8_materials/data_Dec7_processed/green/green_000029.png,0,green
/home/ispaik/me203/Lab8/lab8_materials/data_Dec7_processed/green/green_000030.png,0,green
/home/ispaik/me203/Lab8/lab8_materials/data_Dec7_processed/green/green_000031.png,0,green
/home/ispaik/me203/Lab8/lab8_materials/data_Dec7_processed/green/green_000032.png,0,green
/home/ispaik/me203/Lab8/lab8_materials/data_Dec7_processed/green/green_000033.png,0,green
/home/ispaik/me203/Lab8/lab8_materials/data_Dec7_processed/green/green_000034.png,0,green
/home/ispaik/me203/Lab8/lab8_materials/data_Dec7_processed/green/green_000035.png,0,green
/home/ispaik/me203/Lab8/lab8_materials/data_Dec7_processed/green/green_000036.png,0,green
/home/ispaik/me203/Lab8/lab8_materials/data_Dec7_processed/green/green_000037.png,0,green
/home/ispaik/me203/Lab8/lab8_materials/data_Dec7_processed/green/green_000038.png,0,green
/home/ispaik/me203/Lab8/lab8_materials/data_Dec7_processed/green/green_000039.png,0,green
/home/ispaik/me203/Lab8/lab8_materials/data_Dec7_processed/green/green_000040.png,0,green
/home/ispaik/me203/Lab8/lab8_materials/data_Dec7_processed/green/green_000041.png,0,green
/home/ispaik/me203/Lab8/lab8_materials/data_Dec7_processed/green/green_000042.png,0,green
/home/ispaik/me203/Lab8/lab8_materials/data_Dec7_processed/green/green_000043.png,0,green
/home/ispaik/me203/Lab8/lab8_materials/data_Dec7_processed/green/green_000044.png,0,green
/home/ispaik/me203/Lab8/lab8_materials/data_Dec7_processed/green/green_000045.png,0,green
/home/ispaik/me203/Lab8/lab8_materials/data_Dec7_processed/green/green_000046.png,0,green
/home/ispaik/me203/Lab8/lab8_materials/data_Dec7_processed/green/green_000047.png,0,green
/home/ispaik/me203/Lab8/lab8_materials/data_Dec7_processed/green/green_000048.png,0,green
/home/ispaik/me203/Lab8/lab8_materials/data_Dec7_processed/green/green_000049.png,0,green
/home/ispaik/me203/Lab8/lab8_materials/data_Dec7_processed/green/green_000050.png,0,green
/home/ispaik/me203/Lab8/lab8_materials/data_Dec7_processed/green/green_000051.png,0,green
/home/ispaik/me203/Lab8/lab8_materials/data_Dec7_processed/green/green_000052.png,0,green
/home/ispaik/me203/Lab8/lab8_materials/data_Dec7_processed/green/green_000053.png,0,green
/home/ispaik/me203/Lab8/lab8_materials/data_Dec7_processed/green/green_000054.png,0,green
/home/ispaik/me203/Lab8/lab8_materials/data_Dec7_processed/green/green_000055.png,0,green
/home/ispaik/me203/Lab8/lab8_materials/data_Dec7_processed/green/green_000056.png,0,green
/home/ispaik/me203/Lab8/lab8_materials/data_Dec7_processed/green/green_000057.png,0,green
/home/ispaik/me203/Lab8/lab8_materials/data_Dec7_processed/green/green_000058.png,0,green
/home/ispaik/me203/Lab8/lab8_materials/data_Dec7_processed/green/green_000059.png,0,green
/home/ispaik/me203/Lab8/lab8_materials/data_Dec7_processed/green/green_000060.png,0,green
/home/ispaik/me203/Lab8/lab8_materials/data_Dec7_processed/green/green_000061.png,0,green
/home/ispaik/me203/Lab8/lab8_materials/data_Dec7_processed/green/green_000062.png,0,green
/home/ispaik/me203/Lab8/lab8_materials/data_Dec7_processed/green/green_000063.png,0,green
/home/ispaik/me203/Lab8/lab8_materials/data_Dec7_processed/green/green_000064.png,0,green
/home/ispaik/me203/Lab8/lab8_materials/data_Dec7_processed/green/green_000065.png,0,green
/home/ispaik/me203/Lab8/lab8_materials/data_Dec7_processed/green/green_000066.png,0,green
/home/ispaik/me203/Lab8/lab8_materials/data_Dec7_processed/green/green_000067.png,0,green
/home/ispaik/me203/Lab8/lab8_materials/data_Dec7_processed/green/green_000068.png,0,green
/home/ispaik/me203/Lab8/lab8_materials/data_Dec7_processed/green/green_000069.png,0,green
/home/ispaik/me203/Lab8/lab8_materials/data_Dec7_processed/green/green_000070.png,0,green
/home/ispaik/me203/Lab8/lab8_materials/data_Dec7_processed/green/green_000071.png,0,green
/home/ispaik/me203/Lab8/lab8_materials/data_Dec7_processed/green/green_000072.png,0,green
/home/ispaik/me203/Lab8/lab8_materials/data_Dec7_processed/green/green_000073.png,0,green
/home/ispaik/me203/Lab8/lab8_materials/data_Dec7_processed/green/green_000074.png,0,green
/home/ispaik/me203/Lab8/lab8_materials/data_Dec7_processed/green/green_000075.png,0,green
/home/ispaik/me203/Lab8/lab8_materials/data_Dec7_processed/green/green_000076.png,0,green
/home/ispaik/me203/Lab8/lab8_materials/data_Dec7_processed/green/green_000077.png,0,green
/home/ispaik/me203/Lab8/lab8_materials/data_Dec7_processed/green/green_000078.png,0,green
/home/ispaik/me203/Lab8/lab8_materials/data_Dec7_processed/green/green_000079.png,0,green
/home/ispaik/me203/Lab8/lab8_materials/data_Dec7_processed/green/green_000080.png,0,green
/home/ispaik/me203/Lab8/lab8_materials/data_Dec7_processed/green/green_000081.png,0,green
/home/ispaik/me203/Lab8/lab8_materials/data_Dec7_processed/green/green_000082.png,0,green
/home/ispaik/me203/Lab8/lab8_materials/data_Dec7_processed/green/green_000083.png,0,green
/home/ispaik/me203/Lab8/lab8_materials/data_Dec7_processed/green/green_000084.png,0,green
/home/ispaik/me203/Lab8/lab8_materials/data_Dec7_processed/green/green_000085.png,0,green
/home/ispaik/me203/Lab8/lab8_materials/data_Dec7_processed/green/green_000086.png,0,green
/home/ispaik/me203/Lab8/lab8_materials/data_Dec7_processed/green/green_000087.png,0,green
/home/ispaik/me203/Lab8/lab8_materials/data_Dec7_processed/green/green_000088.png,0,green
/home/ispaik/me203/Lab8/lab8_materials/data_Dec7_processed/green/green_000089.png,0,green
/home/ispaik/me203/Lab8/lab8_materials/data_Dec7_processed/green/green_000090.png,0,green
/home/ispaik/me203/Lab8/lab8_materials/data_Dec7_processed/green/green_000091.png,0,green
/home/ispaik/me203/Lab8/lab8_materials/data_Dec7_processed/green/green_000092.png,0,green
/home/ispaik/me203/Lab8/lab8_materials/data_Dec7_processed/green/green_000093.png,0,green
/home/ispaik/me203/Lab8/lab8_materials/data_Dec7_processed/green/green_000094.png,0,green
/home/ispaik/me203/Lab8/lab8_materials/data_Dec7_processed/green/green_000095.png,0,green
/home/ispaik/me203/Lab8/lab8_materials/data_Dec7_processed/green/green_000096.png,0,green
/home/ispaik/me203/Lab8/lab8_materials/data_Dec7_processed/green/green_000097.png,0,green
/home/ispaik/me203/Lab8/lab8_materials/data_Dec7_processed/green/green_000098.png,0,green
/home/ispaik/me203/Lab8/lab8_materials/data_Dec7_processed/green/green_000099.png,0,green
/home/ispaik/me203/Lab8/lab8_materials/data_Dec7_processed/green/green_000100.png,0,green
/home/ispaik/me203/Lab8/lab8_materials/data_Dec7_processed/green/green_000101.png,0,green
/home/ispaik/me203/Lab8/lab8_materials/data_Dec7_processed/green/green_000102.png,0,green
/home/ispaik/me203/Lab8/lab8_materials/data_Dec7_processed/green/green_000103.png,0,green
/home/ispaik/me203/Lab8/lab8_materials/data_Dec7_processed/green/green_000104.png,0,green
/home/ispaik/me203/Lab8/lab8_materials/data_Dec7_processed/green/green_000105.png,0,green
/home/ispaik/me203/Lab8/lab8_materials/data_Dec7_processed/green/green_000106.png,0,green
/home/ispaik/me203/Lab8/lab8_materials/data_Dec7_processed/green/green_000107.png,0,green
/home/ispaik/me203/Lab8/lab8_materials/data_Dec7_processed/green/green_000108.png,0,green
/home/ispaik/me203/Lab8/lab8_materials/data_Dec7_processed/green/green_000109.png,0,green
/home/ispaik/me203/Lab8/lab8_materials/data_Dec7_processed/green/green_000110.png,0,green
/home/ispaik/me203/Lab8/lab8_materials/data_Dec7_processed/green/green_000111.png,0,green
/home/ispaik/me203/Lab8/lab8_materials/data_Dec7_processed/green/green_000112.png,0,green
/home/ispaik/me203/Lab8/lab8_materials/data_Dec7_processed/green/green_000113.png,0,green
/home/ispaik/me203/Lab8/lab8_materials/data_Dec7_processed/green/green_000114.png,0,green
/home/ispaik/me203/Lab8/lab8_materials/data_Dec7_processed/green/green_000115.png,0,green
/home/ispaik/me203/Lab8/lab8_materials/data_Dec7_processed/green/green_000116.png,0,green
/home/ispaik/me203/Lab8/lab8_materials/data_Dec7_processed/green/green_000117.png,0,green
/home/ispaik/me203/Lab8/lab8_materials/data_Dec7_processed/green/green_000118.png,0,green
/home/ispaik/me203/Lab8/lab8_materials/data_Dec7_processed/green/green_000119.png,0,green
/home/ispaik/me203/Lab8/lab8_materials/data_Dec7_processed/green/green_000120.png,0,green
/home/ispaik/me203/Lab8/lab8_materials/data_Dec7_processed/green/green_000121.png,0,green
/home/ispaik/me203/Lab8/lab8_materials/data_Dec7_processed/green/green_000122.png,0,green
/home/ispaik/me203/Lab8/lab8_materials/data_Dec7_processed/green/green_000123.png,0,green
/home/ispaik/me203/Lab8/lab8_materials/data_Dec7_processed/green/green_000124.png,0,green
/home/ispaik/me203/Lab8/lab8_materials/data_Dec7_processed/green/green_000125.png,0,green
/home/ispaik/me203/Lab8/lab8_materials/data_Dec7_processed/green/green_000126.png,0,green
/home/ispaik/me203/Lab8/lab8_materials/data_Dec7_processed/green/green_000127.png,0,green
/home/ispaik/me203/Lab8/lab8_materials/data_Dec7_processed/green/green_000128.png,0,green
/home/ispaik/me203/Lab8/lab8_materials/data_Dec7_processed/green/green_000129.png,0,green
/home/ispaik/me203/Lab8/lab8_materials/data_Dec7_processed/green/green_000130.png,0,green
/home/ispaik/me203/Lab8/lab8_materials/data_Dec7_processed/green/green_000131.png,0,green
/home/ispaik/me203/Lab8/lab8_materials/data_Dec7_processed/green/green_000132.png,0,green
/home/ispaik/me203/Lab8/lab8_materials/data_Dec7_processed/green/green_000133.png,0,green
/home/ispaik/me203/Lab8/lab8_materials/data_Dec7_processed/green/green_000134.png,0,green
/home/ispaik/me203/Lab8/lab8_materials/data_Dec7_processed/green/green_000135.png,0,green
/home/ispaik/me203/Lab8/lab8_materials/data_Dec7_processed/green/green_000136.png,0,green
/home/ispaik/me203/Lab8/lab8_materials/data_Dec7_processed/green/green_000137.png,0,green
/home/ispaik/me203/Lab8/lab8_materials/data_Dec7_processed/green/green_000138.png,0,green
/home/ispaik/me203/Lab8/lab8_materials/data_Dec7_processed/green/green_000139.png,0,green
/home/ispaik/me203/Lab8/lab8_materials/data_Dec7_processed/green/green_000140.png,0,green
/home/ispaik/me203/Lab8/lab8_materials/data_Dec7_processed/green/green_000141.png,0,green
/home/ispaik/me203/Lab8/lab8_materials/data_Dec7_processed/green/green_000142.png,0,green
/home/ispaik/me203/Lab8/lab8_materials/data_Dec7_processed/green/green_000143.png,0,green
/home/ispaik/me203/Lab8/lab8_materials/data_Dec7_processed/green/green_000144.png,0,green
/home/ispaik/me203/Lab8/lab8_materials/data_Dec7_processed/green/green_000145.png,0,green
/home/ispaik/me203/Lab8/lab8_materials/data_Dec7_processed/green/green_000146.png,0,green
/home/ispaik/me203/Lab8/lab8_materials/data_Dec7_processed/green/green_000147.png,0,green
/home/ispaik/me203/Lab8/lab8_materials/data_Dec7_processed/green/green_000148.png,0,green
/home/ispaik/me203/Lab8/lab8_materials/data_Dec7_processed/green/green_000149.png,0,green
/home/ispaik/me203/Lab8/lab8_materials/data_Dec7_processed/green/green_000150.png,0,green
/home/ispaik/me203/Lab8/lab8_materials/data_Dec7_processed/left/left_000001.png,1,left
/home/ispaik/me203/Lab8/lab8_materials/data_Dec7_processed/left/left_000002.png,1,left
/home/ispaik/me203/Lab8/lab8_materials/data_Dec7_processed/left/left_000003.png,1,left
/home/ispaik/me203/Lab8/lab8_materials/data_Dec7_processed/left/left_000004.png,1,left
/home/ispaik/me203/Lab8/lab8_materials/data_Dec7_processed/left/left_000005.png,1,left
/home/ispaik/me203/Lab8/lab8_materials/data_Dec7_processed/left/left_000006.png,1,left
/home/ispaik/me203/Lab8/lab8_materials/data_Dec7_processed/left/left_000007.png,1,left
/home/ispaik/me203/Lab8/lab8_materials/data_Dec7_processed/left/left_000008.png,1,left
/home/ispaik/me203/Lab8/lab8_materials/data_Dec7_processed/left/left_000009.png,1,left
/home/ispaik/me203/Lab8/lab8_materials/data_Dec7_processed/left/left_000010.png,1,left
/home/ispaik/me203/Lab8/lab8_materials/data_Dec7_processed/left/left_000011.png,1,left
/home/ispaik/me203/Lab8/lab8_materials/data_Dec7_processed/left/left_000012.png,1,left
/home/ispaik/me203/Lab8/lab8_materials/data_Dec7_processed/left/left_000013.png,1,left
/home/ispaik/me203/Lab8/lab8_materials/data_Dec7_processed/left/left_000014.png,1,left
/home/ispaik/me203/Lab8/lab8_materials/data_Dec7_processed/left/left_000015.png,1,left
/home/ispaik/me203/Lab8/lab8_materials/data_Dec7_processed/left/left_000016.png,1,left
/home/ispaik/me203/Lab8/lab8_materials/data_Dec7_processed/left/left_000017.png,1,left
/home/ispaik/me203/Lab8/lab8_materials/data_Dec7_processed/left/left_000018.png,1,left
/home/ispaik/me203/Lab8/lab8_materials/data_Dec7_processed/left/left_000019.png,1,left
/home/ispaik/me203/Lab8/lab8_materials/data_Dec7_processed/left/left_000020.png,1,left
/home/ispaik/me203/Lab8/lab8_materials/data_Dec7_processed/left/left_000021.png,1,left
/home/ispaik/me203/Lab8/lab8_materials/data_Dec7_processed/left/left_000022.png,1,left
/home/ispaik/me203/Lab8/lab8_materials/data_Dec7_processed/left/left_000023.png,1,left
/home/ispaik/me203/Lab8/lab8_materials/data_Dec7_processed/left/left_000024.png,1,left
/home/ispaik/me203/Lab8/lab8_materials/data_Dec7_processed/left/left_000025.png,1,left
/home/ispaik/me203/Lab8/lab8_materials/data_Dec7_processed/left/left_000026.png,1,left
/home/ispaik/me203/Lab8/lab8_materials/data_Dec7_processed/left/left_000027.png,1,left
/home/ispaik/me203/Lab8/lab8_materials/data_Dec7_processed/left/left_000028.png,1,left
/home/ispaik/me203/Lab8/lab8_materials/data_Dec7_processed/left/left_000029.png,1,left
/home/ispaik/me203/Lab8/lab8_materials/data_Dec7_processed/left/left_000030.png,1,left
/home/ispaik/me203/Lab8/lab8_materials/data_Dec7_processed/left/left_000031.png,1,left
/home/ispaik/me203/Lab8/lab8_materials/data_Dec7_processed/left/left_000032.png,1,left
/home/ispaik/me203/Lab8/lab8_materials/data_Dec7_processed/left/left_000033.png,1,left
/home/ispaik/me203/Lab8/lab8_materials/data_Dec7_processed/left/left_000034.png,1,left
/home/ispaik/me203/Lab8/lab8_materials/data_Dec7_processed/left/left_000035.png,1,left
/home/ispaik/me203/Lab8/lab8_materials/data_Dec7_processed/left/left_000036.png,1,left
/home/ispaik/me203/Lab8/lab8_materials/data_Dec7_processed/left/left_000037.png,1,left
/home/ispaik/me203/Lab8/lab8_materials/data_Dec7_processed/left/left_000038.png,1,left
/home/ispaik/me203/Lab8/lab8_materials/data_Dec7_processed/left/left_000039.png,1,left
/home/ispaik/me203/Lab8/lab8_materials/data_Dec7_processed/left/left_000040.png,1,left
/home/ispaik/me203/Lab8/lab8_materials/data_Dec7_processed/left/left_000041.png,1,left
/home/ispaik/me203/Lab8/lab8_materials/data_Dec7_processed/left/left_000042.png,1,left
/home/ispaik/me203/Lab8/lab8_materials/data_Dec7_processed/left/left_000043.png,1,left
/home/ispaik/me203/Lab8/lab8_materials/data_Dec7_processed/left/left_000044.png,1,left
/home/ispaik/me203/Lab8/lab8_materials/data_Dec7_processed/left/left_000045.png,1,left
/home/ispaik/me203/Lab8/lab8_materials/data_Dec7_processed/left/left_000046.png,1,left
/home/ispaik/me203/Lab8/lab8_materials/data_Dec7_processed/left/left_000047.png,1,left
/home/ispaik/me203/Lab8/lab8_materials/data_Dec7_processed/left/left_000048.png,1,left
/home/ispaik/me203/Lab8/lab8_materials/data_Dec7_processed/left/left_000049.png,1,left
/home/ispaik/me203/Lab8/lab8_materials/data_Dec7_processed/left/left_000050.png,1,left
/home/ispaik/me203/Lab8/lab8_materials/data_Dec7_processed/left/left_000051.png,1,left
/home/ispaik/me203/Lab8/lab8_materials/data_Dec7_processed/left/left_000052.png,1,left
/home/ispaik/me203/Lab8/lab8_materials/data_Dec7_processed/left/left_000053.png,1,left
/home/ispaik/me203/Lab8/lab8_materials/data_Dec7_processed/left/left_000054.png,1,left
/home/ispaik/me203/Lab8/lab8_materials/data_Dec7_processed/left/left_000055.png,1,left
/home/ispaik/me203/Lab8/lab8_materials/data_Dec7_processed/left/left_000056.png,1,left
/home/ispaik/me203/Lab8/lab8_materials/data_Dec7_processed/left/left_000057.png,1,left
/home/ispaik/me203/Lab8/lab8_materials/data_Dec7_processed/left/left_000058.png,1,left
/home/ispaik/me203/Lab8/lab8_materials/data_Dec7_processed/left/left_000059.png,1,left
/home/ispaik/me203/Lab8/lab8_materials/data_Dec7_processed/left/left_000060.png,1,left
/home/ispaik/me203/Lab8/lab8_materials/data_Dec7_processed/left/left_000061.png,1,left
/home/ispaik/me203/Lab8/lab8_materials/data_Dec7_processed/left/left_000062.png,1,left
/home/ispaik/me203/Lab8/lab8_materials/data_Dec7_processed/left/left_000063.png,1,left
/home/ispaik/me203/Lab8/lab8_materials/data_Dec7_processed/left/left_000064.png,1,left
/home/ispaik/me203/Lab8/lab8_materials/data_Dec7_processed/left/left_000065.png,1,left
/home/ispaik/me203/Lab8/lab8_materials/data_Dec7_processed/left/left_000066.png,1,left
/home/ispaik/me203/Lab8/lab8_materials/data_Dec7_processed/left/left_000067.png,1,left
/home/ispaik/me203/Lab8/lab8_materials/data_Dec7_processed/left/left_000068.png,1,left
/home/ispaik/me203/Lab8/lab8_materials/data_Dec7_processed/left/left_000069.png,1,left
/home/ispaik/me203/Lab8/lab8_materials/data_Dec7_processed/left/left_000070.png,1,left
/home/ispaik/me203/Lab8/lab8_materials/data_Dec7_processed/left/left_000071.png,1,left
/home/ispaik/me203/Lab8/lab8_materials/data_Dec7_processed/left/left_000072.png,1,left
/home/ispaik/me203/Lab8/lab8_materials/data_Dec7_processed/left/left_000073.png,1,left
/home/ispaik/me203/Lab8/lab8_materials/data_Dec7_processed/left/left_000074.png,1,left
/home/ispaik/me203/Lab8/lab8_materials/data_Dec7_processed/left/left_000075.png,1,left
/home/ispaik/me203/Lab8/lab8_materials/data_Dec7_processed/left/left_000076.png,1,left
/home/ispaik/me203/Lab8/lab8_materials/data_Dec7_processed/left/left_000077.png,1,left
/home/ispaik/me203/Lab8/lab8_materials/data_Dec7_processed/left/left_000078.png,1,left
/home/ispaik/me203/Lab8/lab8_materials/data_Dec7_processed/left/left_000079.png,1,left
/home/ispaik/me203/Lab8/lab8_materials/data_Dec7_processed/left/left_000080.png,1,left
/home/ispaik/me203/Lab8/lab8_materials/data_Dec7_processed/left/left_000081.png,1,left
/home/ispaik/me203/Lab8/lab8_materials/data_Dec7_processed/left/left_000082.png,1,left
/home/ispaik/me203/Lab8/lab8_materials/data_Dec7_processed/left/left_000083.png,1,left
/home/ispaik/me203/Lab8/lab8_materials/data_Dec7_processed/left/left_000084.png,1,left
/home/ispaik/me203/Lab8/lab8_materials/data_Dec7_processed/left/left_000085.png,1,left
/home/ispaik/me203/Lab8/lab8_materials/data_Dec7_processed/left/left_000086.png,1,left
/home/ispaik/me203/Lab8/lab8_materials/data_Dec7_processed/left/left_000087.png,1,left
/home/ispaik/me203/Lab8/lab8_materials/data_Dec7_processed/left/left_000088.png,1,left
/home/ispaik/me203/Lab8/lab8_materials/data_Dec7_processed/left/left_000089.png,1,left
/home/ispaik/me203/Lab8/lab8_materials/data_Dec7_processed/left/left_000090.png,1,left
/home/ispaik/me203/Lab8/lab8_materials/data_Dec7_processed/left/left_000091.png,1,left
/home/ispaik/me203/Lab8/lab8_materials/data_Dec7_processed/left/left_000092.png,1,left
/home/ispaik/me203/Lab8/lab8_materials/data_Dec7_processed/left/left_000093.png,1,left
/home/ispaik/me203/Lab8/lab8_materials/data_Dec7_processed/left/left_000094.png,1,left
/home/ispaik/me203/Lab8/lab8_materials/data_Dec7_processed/left/left_000095.png,1,left
/home/ispaik/me203/Lab8/lab8_materials/data_Dec7_processed/left/left_000096.png,1,left
/home/ispaik/me203/Lab8/lab8_materials/data_Dec7_processed/left/left_000097.png,1,left
/home/ispaik/me203/Lab8/lab8_materials/data_Dec7_processed/left/left_000098.png,1,left
/home/ispaik/me203/Lab8/lab8_materials/data_Dec7_processed/left/left_000099.png,1,left
/home/ispaik/me203/Lab8/lab8_materials/data_Dec7_processed/left/left_000100.png,1,left
/home/ispaik/me203/Lab8/lab8_materials/data_Dec7_processed/left/left_000101.png,1,left
/home/ispaik/me203/Lab8/lab8_materials/data_Dec7_processed/left/left_000102.png,1,left
/home/ispaik/me203/Lab8/lab8_materials/data_Dec7_processed/left/left_000103.png,1,left
/home/ispaik/me203/Lab8/lab8_materials/data_Dec7_processed/left/left_000104.png,1,left
/home/ispaik/me203/Lab8/lab8_materials/data_Dec7_processed/left/left_000105.png,1,left
/home/ispaik/me203/Lab8/lab8_materials/data_Dec7_processed/left/left_000106.png,1,left
/home/ispaik/me203/Lab8/lab8_materials/data_Dec7_processed/left/left_000107.png,1,left
/home/ispaik/me203/Lab8/lab8_materials/data_Dec7_processed/left/left_000108.png,1,left
/home/ispaik/me203/Lab8/lab8_materials/data_Dec7_processed/left/left_000109.png,1,left
/home/ispaik/me203/Lab8/lab8_materials/data_Dec7_processed/left/left_000110.png,1,left
/home/ispaik/me203/Lab8/lab8_materials/data_Dec7_processed/left/left_000111.png,1,left
/home/ispaik/me203/Lab8/lab8_materials/data_Dec7_processed/left/left_000112.png,1,left
/home/ispaik/me203/Lab8/lab8_materials/data_Dec7_processed/left/left_000113.png,1,left
/home/ispaik/me203/Lab8/lab8_materials/data_Dec7_processed/left/left_000114.png,1,left
/home/ispaik/me203/Lab8/lab8_materials/data_Dec7_processed/left/left_000115.png,1,left
/home/ispaik/me203/Lab8/lab8_materials/data_Dec7_processed/left/left_000116.png,1,left
/home/ispaik/me203/Lab8/lab8_materials/data_Dec7_processed/left/left_000117.png,1,left
/home/ispaik/me203/Lab8/lab8_materials/data_Dec7_processed/left/left_000118.png,1,left
/home/ispaik/me203/Lab8/lab8_materials/data_Dec7_processed/left/left_000119.png,1,left
/home/ispaik/me203/Lab8/lab8_materials/data_Dec7_processed/left/left_000120.png,1,left
/home/ispaik/me203/Lab8/lab8_materials/data_Dec7_processed/left/left_000121.png,1,left
/home/ispaik/me203/Lab8/lab8_materials/data_Dec7_processed/left/left_000122.png,1,left
/home/ispaik/me203/Lab8/lab8_materials/data_Dec7_processed/left/left_000123.png,1,left
/home/ispaik/me203/Lab8/lab8_materials/data_Dec7_processed/left/left_000124.png,1,left
/home/ispaik/me203/Lab8/lab8_materials/data_Dec7_processed/left/left_000125.png,1,left
/home/ispaik/me203/Lab8/lab8_materials/data_Dec7_processed/left/left_000126.png,1,left
/home/ispaik/me203/Lab8/lab8_materials/data_Dec7_processed/left/left_000127.png,1,left
/home/ispaik/me203/Lab8/lab8_materials/data_Dec7_processed/left/left_000128.png,1,left
/home/ispaik/me203/Lab8/lab8_materials/data_Dec7_processed/left/left_000129.png,1,left
/home/ispaik/me203/Lab8/lab8_materials/data_Dec7_processed/left/left_000130.png,1,left
/home/ispaik/me203/Lab8/lab8_materials/data_Dec7_processed/left/left_000131.png,1,left
/home/ispaik/me203/Lab8/lab8_materials/data_Dec7_processed/left/left_000132.png,1,left
/home/ispaik/me203/Lab8/lab8_materials/data_Dec7_processed/left/left_000133.png,1,left
/home/ispaik/me203/Lab8/lab8_materials/data_Dec7_processed/left/left_000134.png,1,left
/home/ispaik/me203/Lab8/lab8_materials/data_Dec7_processed/left/left_000135.png,1,left
/home/ispaik/me203/Lab8/lab8_materials/data_Dec7_processed/left/left_000136.png,1,left
/home/ispaik/me203/Lab8/lab8_materials/data_Dec7_processed/left/left_000137.png,1,left
/home/ispaik/me203/Lab8/lab8_materials/data_Dec7_processed/left/left_000138.png,1,left
/home/ispaik/me203/Lab8/lab8_materials/data_Dec7_processed/left/left_000139.png,1,left
/home/ispaik/me203/Lab8/lab8_materials/data_Dec7_processed/left/left_000140.png,1,left
/home/ispaik/me203/Lab8/lab8_materials/data_Dec7_processed/left/left_000141.png,1,left
/home/ispaik/me203/Lab8/lab8_materials/data_Dec7_processed/left/left_000142.png,1,left
/home/ispaik/me203/Lab8/lab8_materials/data_Dec7_processed/left/left_000143.png,1,left
/home/ispaik/me203/Lab8/lab8_materials/data_Dec7_processed/left/left_000144.png,1,left
/home/ispaik/me203/Lab8/lab8_materials/data_Dec7_processed/left/left_000145.png,1,left
/home/ispaik/me203/Lab8/lab8_materials/data_Dec7_processed/left/left_000146.png,1,left
/home/ispaik/me203/Lab8/lab8_materials/data_Dec7_processed/left/left_000147.png,1,left
/home/ispaik/me203/Lab8/lab8_materials/data_Dec7_processed/left/left_000148.png,1,left
/home/ispaik/me203/Lab8/lab8_materials/data_Dec7_processed/left/left_000149.png,1,left
/home/ispaik/me203/Lab8/lab8_materials/data_Dec7_processed/left/left_000150.png,1,left
/home/ispaik/me203/Lab8/lab8_materials/data_Dec7_processed/left/left_000151.png,1,left
/home/ispaik/me203/Lab8/lab8_materials/data_Dec7_processed/left/left_000152.png,1,left
/home/ispaik/me203/Lab8/lab8_materials/data_Dec7_processed/left/left_000153.png,1,left
/home/ispaik/me203/Lab8/lab8_materials/data_Dec7_processed/left/left_000154.png,1,left
/home/ispaik/me203/Lab8/lab8_materials/data_Dec7_processed/left/left_000155.png,1,left
/home/ispaik/me203/Lab8/lab8_materials/data_Dec7_processed/left/left_000156.png,1,left
/home/ispaik/me203/Lab8/lab8_materials/data_Dec7_processed/left/left_000157.png,1,left
/home/ispaik/me203/Lab8/lab8_materials/data_Dec7_processed/left/left_000158.png,1,left
/home/ispaik/me203/Lab8/lab8_materials/data_Dec7_processed/left/left_000159.png,1,left
/home/ispaik/me203/Lab8/lab8_materials/data_Dec7_processed/left/left_000160.png,1,left
/home/ispaik/me203/Lab8/lab8_materials/data_Dec7_processed/left/left_000161.png,1,left
/home/ispaik/me203/Lab8/lab8_materials/data_Dec7_processed/left/left_000162.png,1,left
/home/ispaik/me203/Lab8/lab8_materials/data_Dec7_processed/left/left_000163.png,1,left
/home/ispaik/me203/Lab8/lab8_materials/data_Dec7_processed/left/left_000164.png,1,left
/home/ispaik/me203/Lab8/lab8_materials/data_Dec7_processed/left/left_000165.png,1,left
/home/ispaik/me203/Lab8/lab8_materials/data_Dec7_processed/left/left_000166.png,1,left
/home/ispaik/me203/Lab8/lab8_materials/data_Dec7_processed/left/left_000167.png,1,left
/home/ispaik/me203/Lab8/lab8_materials/data_Dec7_processed/left/left_000168.png,1,left
/home/ispaik/me203/Lab8/lab8_materials/data_Dec7_processed/left/left_000169.png,1,left
/home/ispaik/me203/Lab8/lab8_materials/data_Dec7_processed/left/left_000170.png,1,left
/home/ispaik/me203/Lab8/lab8_materials/data_Dec7_processed/left/left_000171.png,1,left
/home/ispaik/me203/Lab8/lab8_materials/data_Dec7_processed/left/left_000172.png,1,left
/home/ispaik/me203/Lab8/lab8_materials/data_Dec7_processed/left/left_000173.png,1,left
/home/ispaik/me203/Lab8/lab8_materials/data_Dec7_processed/left/left_000174.png,1,left
/home/ispaik/me203/Lab8/lab8_materials/data_Dec7_processed/left/left_000175.png,1,left
/home/ispaik/me203/Lab8/lab8_materials/data_Dec7_processed/left/left_000176.png,1,left
/home/ispaik/me203/Lab8/lab8_materials/data_Dec7_processed/left/left_000177.png,1,left
/home/ispaik/me203/Lab8/lab8_materials/data_Dec7_processed/left/left_000178.png,1,left
/home/ispaik/me203/Lab8/lab8_materials/data_Dec7_processed/left/left_000179.png,1,left
/home/ispaik/me203/Lab8/lab8_materials/data_Dec7_processed/left/left_000180.png,1,left
/home/ispaik/me203/Lab8/lab8_materials/data_Dec7_processed/left/left_000181.png,1,left
/home/ispaik/me203/Lab8/lab8_materials/data_Dec7_processed/left/left_000182.png,1,left
/home/ispaik/me203/Lab8/lab8_materials/data_Dec7_processed/left/left_000183.png,1,left
/home/ispaik/me203/Lab8/lab8_materials/data_Dec7_processed/left/left_000184.png,1,left
/home/ispaik/me203/Lab8/lab8_materials/data_Dec7_processed/left/left_000185.png,1,left
/home/ispaik/me203/Lab8/lab8_materials/data_Dec7_processed/left/left_000186.png,1,left
/home/ispaik/me203/Lab8/lab8_materials/data_Dec7_processed/left/left_000187.png,1,left
/home/ispaik/me203/Lab8/lab8_materials/data_Dec7_processed/left/left_000188.png,1,left
/home/ispaik/me203/Lab8/lab8_materials/data_Dec7_processed/left/left_000189.png,1,left
/home/ispaik/me203/Lab8/lab8_materials/data_Dec7_processed/left/left_000190.png,1,left
/home/ispaik/me203/Lab8/lab8_materials/data_Dec7_processed/left/left_000191.png,1,left
/home/ispaik/me203/Lab8/lab8_materials/data_Dec7_processed/left/left_000192.png,1,left
/home/ispaik/me203/Lab8/lab8_materials/data_Dec7_processed/left/left_000193.png,1,left
/home/ispaik/me203/Lab8/lab8_materials/data_Dec7_processed/left/left_000194.png,1,left
/home/ispaik/me203/Lab8/lab8_materials/data_Dec7_processed/left/left_000195.png,1,left
/home/ispaik/me203/Lab8/lab8_materials/data_Dec7_processed/left/left_000196.png,1,left
/home/ispaik/me203/Lab8/lab8_materials/data_Dec7_processed/left/left_000197.png,1,left
/home/ispaik/me203/Lab8/lab8_materials/data_Dec7_processed/left/left_000198.png,1,left
/home/ispaik/me203/Lab8/lab8_materials/data_Dec7_processed/left/left_000199.png,1,left
/home/ispaik/me203/Lab8/lab8_materials/data_Dec7_processed/left/left_000200.png,1,left
/home/ispaik/me203/Lab8/lab8_materials/data_Dec7_processed/left/left_000201.png,1,left
/home/ispaik/me203/Lab8/lab8_materials/data_Dec7_processed/left/left_000202.png,1,left
/home/ispaik/me203/Lab8/lab8_materials/data_Dec7_processed/left/left_000203.png,1,left
/home/ispaik/me203/Lab8/lab8_materials/data_Dec7_processed/left/left_000204.png,1,left
/home/ispaik/me203/Lab8/lab8_materials/data_Dec7_processed/left/left_000205.png,1,left
/home/ispaik/me203/Lab8/lab8_materials/data_Dec7_processed/left/left_000206.png,1,left
/home/ispaik/me203/Lab8/lab8_materials/data_Dec7_processed/left/left_000207.png,1,left
/home/ispaik/me203/Lab8/lab8_materials/data_Dec7_processed/left/left_000208.png,1,left
/home/ispaik/me203/Lab8/lab8_materials/data_Dec7_processed/left/left_000209.png,1,left
/home/ispaik/me203/Lab8/lab8_materials/data_Dec7_processed/left/left_000210.png,1,left
/home/ispaik/me203/Lab8/lab8_materials/data_Dec7_processed/left/left_000211.png,1,left
/home/ispaik/me203/Lab8/lab8_materials/data_Dec7_processed/left/left_000212.png,1,left
/home/ispaik/me203/Lab8/lab8_materials/data_Dec7_processed/left/left_000213.png,1,left
/home/ispaik/me203/Lab8/lab8_materials/data_Dec7_processed/left/left_000214.png,1,left
/home/ispaik/me203/Lab8/lab8_materials/data_Dec7_processed/left/left_000215.png,1,left
/home/ispaik/me203/Lab8/lab8_materials/data_Dec7_processed/left/left_000216.png,1,left
/home/ispaik/me203/Lab8/lab8_materials/data_Dec7_processed/left/left_000217.png,1,left
/home/ispaik/me203/Lab8/lab8_materials/data_Dec7_processed/left/left_000218.png,1,left
/home/ispaik/me203/Lab8/lab8_materials/data_Dec7_processed/left/left_000219.png,1,left
/home/ispaik/me203/Lab8/lab8_materials/data_Dec7_processed/left/left_000220.png,1,left
/home/ispaik/me203/Lab8/lab8_materials/data_Dec7_processed/left/left_000221.png,1,left
/home/ispaik/me203/Lab8/lab8_materials/data_Dec7_processed/left/left_000222.png,1,left
/home/ispaik/me203/Lab8/lab8_materials/data_Dec7_processed/left/left_000223.png,1,left
/home/ispaik/me203/Lab8/lab8_materials/data_Dec7_processed/left/left_000224.png,1,left
/home/ispaik/me203/Lab8/lab8_materials/data_Dec7_processed/left/left_000225.png,1,left
/home/ispaik/me203/Lab8/lab8_materials/data_Dec7_processed/left/left_000226.png,1,left
/home/ispaik/me203/Lab8/lab8_materials/data_Dec7_processed/left/left_000227.png,1,left
/home/ispaik/me203/Lab8/lab8_materials/data_Dec7_processed/left/left_000228.png,1,left
/home/ispaik/me203/Lab8/lab8_materials/data_Dec7_processed/left/left_000229.png,1,left
/home/ispaik/me203/Lab8/lab8_materials/data_Dec7_processed/left/left_000230.png,1,left
/home/ispaik/me203/Lab8/lab8_materials/data_Dec7_processed/left/left_000231.png,1,left
/home/ispaik/me203/Lab8/lab8_materials/data_Dec7_processed/left/left_000232.png,1,left
/home/ispaik/me203/Lab8/lab8_materials/data_Dec7_processed/left/left_000233.png,1,left
/home/ispaik/me203/Lab8/lab8_materials/data_Dec7_processed/left/left_000234.png,1,left
/home/ispaik/me203/Lab8/lab8_materials/data_Dec7_processed/left/left_000235.png,1,left
/home/ispaik/me203/Lab8/lab8_materials/data_Dec7_processed/left/left_000236.png,1,left
/home/ispaik/me203/Lab8/lab8_materials/data_Dec7_processed/left/left_000237.png,1,left
/home/ispaik/me203/Lab8/lab8_materials/data_Dec7_processed/left/left_000238.png,1,left
/home/ispaik/me203/Lab8/lab8_materials/data_Dec7_processed/left/left_000239.png,1,left
/home/ispaik/me203/Lab8/lab8_materials/data_Dec7_processed/left/left_000240.png,1,left
/home/ispaik/me203/Lab8/lab8_materials/data_Dec7_processed/left/left_000241.png,1,left
/home/ispaik/me203/Lab8/lab8_materials/data_Dec7_processed/left/left_000242.png,1,left
/home/ispaik/me203/Lab8/lab8_materials/data_Dec7_processed/left/left_000243.png,1,left
/home/ispaik/me203/Lab8/lab8_materials/data_Dec7_processed/left/left_000244.png,1,left
/home/ispaik/me203/Lab8/lab8_materials/data_Dec7_processed/left/left_000245.png,1,left
/home/ispaik/me203/Lab8/lab8_materials/data_Dec7_processed/left/left_000246.png,1,left
/home/ispaik/me203/Lab8/lab8_materials/data_Dec7_processed/left/left_000247.png,1,left
/home/ispaik/me203/Lab8/lab8_materials/data_Dec7_processed/left/left_000248.png,1,left
/home/ispaik/me203/Lab8/lab8_materials/data_Dec7_processed/left/left_000249.png,1,left
/home/ispaik/me203/Lab8/lab8_materials/data_Dec7_processed/left/left_000250.png,1,left
/home/ispaik/me203/Lab8/lab8_materials/data_Dec7_processed/left/left_000251.png,1,left
/home/ispaik/me203/Lab8/lab8_materials/data_Dec7_processed/left/left_000252.png,1,left
/home/ispaik/me203/Lab8/lab8_materials/data_Dec7_processed/left/left_000253.png,1,left
/home/ispaik/me203/Lab8/lab8_materials/data_Dec7_processed/left/left_000254.png,1,left
/home/ispaik/me203/Lab8/lab8_materials/data_Dec7_processed/left/left_000255.png,1,left
/home/ispaik/me203/Lab8/lab8_materials/data_Dec7_processed/left/left_000256.png,1,left
/home/ispaik/me203/Lab8/lab8_materials/data_Dec7_processed/left/left_000257.png,1,left
/home/ispaik/me203/Lab8/lab8_materials/data_Dec7_processed/left/left_000258.png,1,left
/home/ispaik/me203/Lab8/lab8_materials/data_Dec7_processed/left/left_000259.png,1,left
/home/ispaik/me203/Lab8/lab8_materials/data_Dec7_processed/left/left_000260.png,1,left
/home/ispaik/me203/Lab8/lab8_materials/data_Dec7_processed/left/left_000261.png,1,left
/home/ispaik/me203/Lab8/lab8_materials/data_Dec7_processed/left/left_000262.png,1,left
/home/ispaik/me203/Lab8/lab8_materials/data_Dec7_processed/left/left_000263.png,1,left
/home/ispaik/me203/Lab8/lab8_materials/data_Dec7_processed/left/left_000264.png,1,left
/home/ispaik/me203/Lab8/lab8_materials/data_Dec7_processed/left/left_000265.png,1,left
/home/ispaik/me203/Lab8/lab8_materials/data_Dec7_processed/left/left_000266.png,1,left
/home/ispaik/me203/Lab8/lab8_materials/data_Dec7_processed/left/left_000267.png,1,left
/home/ispaik/me203/Lab8/lab8_materials/data_Dec7_processed/left/left_000268.png,1,left
/home/ispaik/me203/Lab8/lab8_materials/data_Dec7_processed/left/left_000269.png,1,left
/home/ispaik/me203/Lab8/lab8_materials/data_Dec7_processed/left/left_000270.png,1,left
/home/ispaik/me203/Lab8/lab8_materials/data_Dec7_processed/left/left_000271.png,1,left
/home/ispaik/me203/Lab8/lab8_materials/data_Dec7_processed/left/left_000272.png,1,left
/home/ispaik/me203/Lab8/lab8_materials/data_Dec7_processed/left/left_000273.png,1,left
/home/ispaik/me203/Lab8/lab8_materials/data_Dec7_processed/left/left_000274.png,1,left
/home/ispaik/me203/Lab8/lab8_materials/data_Dec7_processed/left/left_000275.png,1,left
/home/ispaik/me203/Lab8/lab8_materials/data_Dec7_processed/left/left_000276.png,1,left
/home/ispaik/me203/Lab8/lab8_materials/data_Dec7_processed/left/left_000277.png,1,left
/home/ispaik/me203/Lab8/lab8_materials/data_Dec7_processed/left/left_000278.png,1,left
/home/ispaik/me203/Lab8/lab8_materials/data_Dec7_processed/left/left_000279.png,1,left
/home/ispaik/me203/Lab8/lab8_materials/data_Dec7_processed/left/left_000280.png,1,left
/home/ispaik/me203/Lab8/lab8_materials/data_Dec7_processed/left/left_000281.png,1,left
/home/ispaik/me203/Lab8/lab8_materials/data_Dec7_processed/left/left_000282.png,1,left
/home/ispaik/me203/Lab8/lab8_materials/data_Dec7_processed/left/left_000283.png,1,left
/home/ispaik/me203/Lab8/lab8_materials/data_Dec7_processed/left/left_000284.png,1,left
/home/ispaik/me203/Lab8/lab8_materials/data_Dec7_processed/left/left_000285.png,1,left
/home/ispaik/me203/Lab8/lab8_materials/data_Dec7_processed/left/left_000286.png,1,left
/home/ispaik/me203/Lab8/lab8_materials/data_Dec7_processed/left/left_000287.png,1,left
/home/ispaik/me203/Lab8/lab8_materials/data_Dec7_processed/left/left_000288.png,1,left
/home/ispaik/me203/Lab8/lab8_materials/data_Dec7_processed/left/left_000289.png,1,left
/home/ispaik/me203/Lab8/lab8_materials/data_Dec7_processed/left/left_000290.png,1,left
/home/ispaik/me203/Lab8/lab8_materials/data_Dec7_processed/left/left_000291.png,1,left
/home/ispaik/me203/Lab8/lab8_materials/data_Dec7_processed/left/left_000292.png,1,left
/home/ispaik/me203/Lab8/lab8_materials/data_Dec7_processed/left/left_000293.png,1,left
/home/ispaik/me203/Lab8/lab8_materials/data_Dec7_processed/left/left_000294.png,1,left
/home/ispaik/me203/Lab8/lab8_materials/data_Dec7_processed/left/left_000295.png,1,left
/home/ispaik/me203/Lab8/lab8_materials/data_Dec7_processed/left/left_000296.png,1,left
/home/ispaik/me203/Lab8/lab8_materials/data_Dec7_processed/left/left_000297.png,1,left
/home/ispaik/me203/Lab8/lab8_materials/data_Dec7_processed/left/left_000298.png,1,left
/home/ispaik/me203/Lab8/lab8_materials/data_Dec7_processed/left/left_000299.png,1,left
/home/ispaik/me203/Lab8/lab8_materials/data_Dec7_processed/left/left_000300.png,1,left
/home/ispaik/me203/Lab8/lab8_materials/data_Dec7_processed/left/left_000301.png,1,left
/home/ispaik/me203/Lab8/lab8_materials/data_Dec7_processed/left/left_000302.png,1,left
/home/ispaik/me203/Lab8/lab8_materials/data_Dec7_processed/left/left_000303.png,1,left
/home/ispaik/me203/Lab8/lab8_materials/data_Dec7_processed/left/left_000304.png,1,left
/home/ispaik/me203/Lab8/lab8_materials/data_Dec7_processed/left/left_000305.png,1,left
/home/ispaik/me203/Lab8/lab8_materials/data_Dec7_processed/left/left_000306.png,1,left
/home/ispaik/me203/Lab8/lab8_materials/data_Dec7_processed/left/left_000307.png,1,left
/home/ispaik/me203/Lab8/lab8_materials/data_Dec7_processed/left/left_000308.png,1,left
/home/ispaik/me203/Lab8/lab8_materials/data_Dec7_processed/left/left_000309.png,1,left
/home/ispaik/me203/Lab8/lab8_materials/data_Dec7_processed/left/left_000310.png,1,left
/home/ispaik/me203/Lab8/lab8_materials/data_Dec7_processed/left/left_000311.png,1,left
/home/ispaik/me203/Lab8/lab8_materials/data_Dec7_processed/left/left_000312.png,1,left
/home/ispaik/me203/Lab8/lab8_materials/data_Dec7_processed/left/left_000313.png,1,left
/home/ispaik/me203/Lab8/lab8_materials/data_Dec7_processed/left/left_000314.png,1,left
/home/ispaik/me203/Lab8/lab8_materials/data_Dec7_processed/left/left_000315.png,1,left
/home/ispaik/me203/Lab8/lab8_materials/data_Dec7_processed/left/left_000316.png,1,left
/home/ispaik/me203/Lab8/lab8_materials/data_Dec7_processed/left/left_000317.png,1,left
/home/ispaik/me203/Lab8/lab8_materials/data_Dec7_processed/left/left_000318.png,1,left
/home/ispaik/me203/Lab8/lab8_materials/data_Dec7_processed/left/left_000319.png,1,left
/home/ispaik/me203/Lab8/lab8_materials/data_Dec7_processed/left/left_000320.png,1,left
/home/ispaik/me203/Lab8/lab8_materials/data_Dec7_processed/left/left_000321.png,1,left
/home/ispaik/me203/Lab8/lab8_materials/data_Dec7_processed/left/left_000322.png,1,left
/home/ispaik/me203/Lab8/lab8_materials/data_Dec7_processed/left/left_000323.png,1,left
/home/ispaik/me203/Lab8/lab8_materials/data_Dec7_processed/left/left_000324.png,1,left
/home/ispaik/me203/Lab8/lab8_materials/data_Dec7_processed/left/left_000325.png,1,left
/home/ispaik/me203/Lab8/lab8_materials/data_Dec7_processed/left/left_000326.png,1,left
/home/ispaik/me203/Lab8/lab8_materials/data_Dec7_processed/left/left_000327.png,1,left
/home/ispaik/me203/Lab8/lab8_materials/data_Dec7_processed/left/left_000328.png,1,left
/home/ispaik/me203/Lab8/lab8_materials/data_Dec7_processed/left/left_000329.png,1,left
/home/ispaik/me203/Lab8/lab8_materials/data_Dec7_processed/left/left_000330.png,1,left
/home/ispaik/me203/Lab8/lab8_materials/data_Dec7_processed/left/left_000331.png,1,left
/home/ispaik/me203/Lab8/lab8_materials/data_Dec7_processed/left/left_000332.png,1,left
/home/ispaik/me203/Lab8/lab8_materials/data_Dec7_processed/left/left_000333.png,1,left
/home/ispaik/me203/Lab8/lab8_materials/data_Dec7_processed/left/left_000334.png,1,left
/home/ispaik/me203/Lab8/lab8_materials/data_Dec7_processed/left/left_000335.png,1,left
/home/ispaik/me203/Lab8/lab8_materials/data_Dec7_processed/left/left_000336.png,1,left
/home/ispaik/me203/Lab8/lab8_materials/data_Dec7_processed/left/left_000337.png,1,left
/home/ispaik/me203/Lab8/lab8_materials/data_Dec7_processed/left/left_000338.png,1,left
/home/ispaik/me203/Lab8/lab8_materials/data_Dec7_processed/left/left_000339.png,1,left
/home/ispaik/me203/Lab8/lab8_materials/data_Dec7_processed/left/left_000340.png,1,left
/home/ispaik/me203/Lab8/lab8_materials/data_Dec7_processed/left/left_000341.png,1,left
/home/ispaik/me203/Lab8/lab8_materials/data_Dec7_processed/left/left_000342.png,1,left
/home/ispaik/me203/Lab8/lab8_materials/data_Dec7_processed/left/left_000343.png,1,left
/home/ispaik/me203/Lab8/lab8_materials/data_Dec7_processed/left/left_000344.png,1,left
/home/ispaik/me203/Lab8/lab8_materials/data_Dec7_processed/left/left_000345.png,1,left
/home/ispaik/me203/Lab8/lab8_materials/data_Dec7_processed/left/left_000346.png,1,left
/home/ispaik/me203/Lab8/lab8_materials/data_Dec7_processed/left/left_000347.png,1,left
/home/ispaik/me203/Lab8/lab8_materials/data_Dec7_processed/left/left_000348.png,1,left
/home/ispaik/me203/Lab8/lab8_materials/data_Dec7_processed/left/left_000349.png,1,left
/home/ispaik/me203/Lab8/lab8_materials/data_Dec7_processed/left/left_000350.png,1,left
/home/ispaik/me203/Lab8/lab8_materials/data_Dec7_processed/left/left_000351.png,1,left
/home/ispaik/me203/Lab8/lab8_materials/data_Dec7_processed/left/left_000352.png,1,left
/home/ispaik/me203/Lab8/lab8_materials/data_Dec7_processed/left/left_000353.png,1,left
/home/ispaik/me203/Lab8/lab8_materials/data_Dec7_processed/left/left_000354.png,1,left
/home/ispaik/me203/Lab8/lab8_materials/data_Dec7_processed/left/left_000355.png,1,left
/home/ispaik/me203/Lab8/lab8_materials/data_Dec7_processed/left/left_000356.png,1,left
/home/ispaik/me203/Lab8/lab8_materials/data_Dec7_processed/left/left_000357.png,1,left
/home/ispaik/me203/Lab8/lab8_materials/data_Dec7_processed/left/left_000358.png,1,left
/home/ispaik/me203/Lab8/lab8_materials/data_Dec7_processed/left/left_000359.png,1,left
/home/ispaik/me203/Lab8/lab8_materials/data_Dec7_processed/left/left_000360.png,1,left
/home/ispaik/me203/Lab8/lab8_materials/data_Dec7_processed/left/left_000361.png,1,left
/home/ispaik/me203/Lab8/lab8_materials/data_Dec7_processed/left/left_000362.png,1,left
/home/ispaik/me203/Lab8/lab8_materials/data_Dec7_processed/left/left_000363.png,1,left
/home/ispaik/me203/Lab8/lab8_materials/data_Dec7_processed/left/left_000364.png,1,left
/home/ispaik/me203/Lab8/lab8_materials/data_Dec7_processed/left/left_000365.png,1,left
/home/ispaik/me203/Lab8/lab8_materials/data_Dec7_processed/left/left_000366.png,1,left
/home/ispaik/me203/Lab8/lab8_materials/data_Dec7_processed/left/left_000367.png,1,left
/home/ispaik/me203/Lab8/lab8_materials/data_Dec7_processed/left/left_000368.png,1,left
/home/ispaik/me203/Lab8/lab8_materials/data_Dec7_processed/left/left_000369.png,1,left
/home/ispaik/me203/Lab8/lab8_materials/data_Dec7_processed/left/left_000370.png,1,left
/home/ispaik/me203/Lab8/lab8_materials/data_Dec7_processed/left/left_000371.png,1,left
/home/ispaik/me203/Lab8/lab8_materials/data_Dec7_processed/left/left_000372.png,1,left
/home/ispaik/me203/Lab8/lab8_materials/data_Dec7_processed/left/left_000373.png,1,left
/home/ispaik/me203/Lab8/lab8_materials/data_Dec7_processed/left/left_000374.png,1,left
/home/ispaik/me203/Lab8/lab8_materials/data_Dec7_processed/left/left_000375.png,1,left
/home/ispaik/me203/Lab8/lab8_materials/data_Dec7_processed/left/left_000376.png,1,left
/home/ispaik/me203/Lab8/lab8_materials/data_Dec7_processed/left/left_000377.png,1,left
/home/ispaik/me203/Lab8/lab8_materials/data_Dec7_processed/left/left_000378.png,1,left
/home/ispaik/me203/Lab8/lab8_materials/data_Dec7_processed/left/left_000379.png,1,left
/home/ispaik/me203/Lab8/lab8_materials/data_Dec7_processed/left/left_000380.png,1,left
/home/ispaik/me203/Lab8/lab8_materials/data_Dec7_processed/left/left_000381.png,1,left
/home/ispaik/me203/Lab8/lab8_materials/data_Dec7_processed/left/left_000382.png,1,left
/home/ispaik/me203/Lab8/lab8_materials/data_Dec7_processed/left/left_000383.png,1,left
/home/ispaik/me203/Lab8/lab8_materials/data_Dec7_processed/left/left_000384.png,1,left
/home/ispaik/me203/Lab8/lab8_materials/data_Dec7_processed/left/left_000385.png,1,left
/home/ispaik/me203/Lab8/lab8_materials/data_Dec7_processed/left/left_000386.png,1,left
/home/ispaik/me203/Lab8/lab8_materials/data_Dec7_processed/left/left_000387.png,1,left
/home/ispaik/me203/Lab8/lab8_materials/data_Dec7_processed/left/left_000388.png,1,left
/home/ispaik/me203/Lab8/lab8_materials/data_Dec7_processed/left/left_000389.png,1,left
/home/ispaik/me203/Lab8/lab8_materials/data_Dec7_processed/left/left_000390.png,1,left
/home/ispaik/me203/Lab8/lab8_materials/data_Dec7_processed/left/left_000391.png,1,left
/home/ispaik/me203/Lab8/lab8_materials/data_Dec7_processed/left/left_000392.png,1,left
/home/ispaik/me203/Lab8/lab8_materials/data_Dec7_processed/left/left_000393.png,1,left
/home/ispaik/me203/Lab8/lab8_materials/data_Dec7_processed/left/left_000394.png,1,left
/home/ispaik/me203/Lab8/lab8_materials/data_Dec7_processed/left/left_000395.png,1,left
/home/ispaik/me203/Lab8/lab8_materials/data_Dec7_processed/left/left_000396.png,1,left
/home/ispaik/me203/Lab8/lab8_materials/data_Dec7_processed/left/left_000397.png,1,left
/home/ispaik/me203/Lab8/lab8_materials/data_Dec7_processed/left/left_000398.png,1,left
/home/ispaik/me203/Lab8/lab8_materials/data_Dec7_processed/left/left_000399.png,1,left
/home/ispaik/me203/Lab8/lab8_materials/data_Dec7_processed/left/left_000400.png,1,left
/home/ispaik/me203/Lab8/lab8_materials/data_Dec7_processed/left/left_000401.png,1,left
/home/ispaik/me203/Lab8/lab8_materials/data_Dec7_processed/left/left_000402.png,1,left
/home/ispaik/me203/Lab8/lab8_materials/data_Dec7_processed/left/left_000403.png,1,left
/home/ispaik/me203/Lab8/lab8_materials/data_Dec7_processed/left/left_000404.png,1,left
/home/ispaik/me203/Lab8/lab8_materials/data_Dec7_processed/left/left_000405.png,1,left
/home/ispaik/me203/Lab8/lab8_materials/data_Dec7_processed/left/left_000406.png,1,left
/home/ispaik/me203/Lab8/lab8_materials/data_Dec7_processed/left/left_000407.png,1,left
/home/ispaik/me203/Lab8/lab8_materials/data_Dec7_processed/left/left_000408.png,1,left
/home/ispaik/me203/Lab8/lab8_materials/data_Dec7_processed/left/left_000409.png,1,left
/home/ispaik/me203/Lab8/lab8_materials/data_Dec7_processed/left/left_000410.png,1,left
/home/ispaik/me203/Lab8/lab8_materials/data_Dec7_processed/left/left_000411.png,1,left
/home/ispaik/me203/Lab8/lab8_materials/data_Dec7_processed/left/left_000412.png,1,left
/home/ispaik/me203/Lab8/lab8_materials/data_Dec7_processed/left/left_000413.png,1,left
/home/ispaik/me203/Lab8/lab8_materials/data_Dec7_processed/left/left_000414.png,1,left
/home/ispaik/me203/Lab8/lab8_materials/data_Dec7_processed/left/left_000415.png,1,left
/home/ispaik/me203/Lab8/lab8_materials/data_Dec7_processed/left/left_000416.png,1,left
/home/ispaik/me203/Lab8/lab8_materials/data_Dec7_processed/left/left_000417.png,1,left
/home/ispaik/me203/Lab8/lab8_materials/data_Dec7_processed/left/left_000418.png,1,left
/home/ispaik/me203/Lab8/lab8_materials/data_Dec7_processed/left/left_000419.png,1,left
/home/ispaik/me203/Lab8/lab8_materials/data_Dec7_processed/left/left_000420.png,1,left
/home/ispaik/me203/Lab8/lab8_materials/data_Dec7_processed/left/left_000421.png,1,left
/home/ispaik/me203/Lab8/lab8_materials/data_Dec7_processed/left/left_000422.png,1,left
/home/ispaik/me203/Lab8/lab8_materials/data_Dec7_processed/left/left_000423.png,1,left
/home/ispaik/me203/Lab8/lab8_materials/data_Dec7_processed/left/left_000424.png,1,left
/home/ispaik/me203/Lab8/lab8_materials/data_Dec7_processed/left/left_000425.png,1,left
/home/ispaik/me203/Lab8/lab8_materials/data_Dec7_processed/left/left_000426.png,1,left
/home/ispaik/me203/Lab8/lab8_materials/data_Dec7_processed/left/left_000427.png,1,left
/home/ispaik/me203/Lab8/lab8_materials/data_Dec7_processed/left/left_000428.png,1,left
/home/ispaik/me203/Lab8/lab8_materials/data_Dec7_processed/left/left_000429.png,1,left
/home/ispaik/me203/Lab8/lab8_materials/data_Dec7_processed/left/left_000430.png,1,left
/home/ispaik/me203/Lab8/lab8_materials/data_Dec7_processed/left/left_000431.png,1,left
/home/ispaik/me203/Lab8/lab8_materials/data_Dec7_processed/left/left_000432.png,1,left
/home/ispaik/me203/Lab8/lab8_materials/data_Dec7_processed/left/left_000433.png,1,left
/home/ispaik/me203/Lab8/lab8_materials/data_Dec7_processed/left/left_000434.png,1,left
/home/ispaik/me203/Lab8/lab8_materials/data_Dec7_processed/left/left_000435.png,1,left
/home/ispaik/me203/Lab8/lab8_materials/data_Dec7_processed/left/left_000436.png,1,left
/home/ispaik/me203/Lab8/lab8_materials/data_Dec7_processed/left/left_000437.png,1,left
/home/ispaik/me203/Lab8/lab8_materials/data_Dec7_processed/left/left_000438.png,1,left
/home/ispaik/me203/Lab8/lab8_materials/data_Dec7_processed/left/left_000439.png,1,left
/home/ispaik/me203/Lab8/lab8_materials/data_Dec7_processed/left/left_000440.png,1,left
/home/ispaik/me203/Lab8/lab8_materials/data_Dec7_processed/left/left_000441.png,1,left
/home/ispaik/me203/Lab8/lab8_materials/data_Dec7_processed/left/left_000442.png,1,left
/home/ispaik/me203/Lab8/lab8_materials/data_Dec7_processed/left/left_000443.png,1,left
/home/ispaik/me203/Lab8/lab8_materials/data_Dec7_processed/left/left_000444.png,1,left
/home/ispaik/me203/Lab8/lab8_materials/data_Dec7_processed/left/left_000445.png,1,left
/home/ispaik/me203/Lab8/lab8_materials/data_Dec7_processed/left/left_000446.png,1,left
/home/ispaik/me203/Lab8/lab8_materials/data_Dec7_processed/left/left_000447.png,1,left
/home/ispaik/me203/Lab8/lab8_materials/data_Dec7_processed/left/left_000448.png,1,left
/home/ispaik/me203/Lab8/lab8_materials/data_Dec7_processed/left/left_000449.png,1,left
/home/ispaik/me203/Lab8/lab8_materials/data_Dec7_processed/left/left_000450.png,1,left
/home/ispaik/me203/Lab8/lab8_materials/data_Dec7_processed/left/left_000451.png,1,left
/home/ispaik/me203/Lab8/lab8_materials/data_Dec7_processed/left/left_000452.png,1,left
/home/ispaik/me203/Lab8/lab8_materials/data_Dec7_processed/left/left_000453.png,1,left
/home/ispaik/me203/Lab8/lab8_materials/data_Dec7_processed/left/left_000454.png,1,left
/home/ispaik/me203/Lab8/lab8_materials/data_Dec7_processed/left/left_000455.png,1,left
/home/ispaik/me203/Lab8/lab8_materials/data_Dec7_processed/left/left_000456.png,1,left
/home/ispaik/me203/Lab8/lab8_materials/data_Dec7_processed/left/left_000457.png,1,left
/home/ispaik/me203/Lab8/lab8_materials/data_Dec7_processed/left/left_000458.png,1,left
/home/ispaik/me203/Lab8/lab8_materials/data_Dec7_processed/left/left_000459.png,1,left
/home/ispaik/me203/Lab8/lab8_materials/data_Dec7_processed/left/left_000460.png,1,left
/home/ispaik/me203/Lab8/lab8_materials/data_Dec7_processed/left/left_000461.png,1,left
/home/ispaik/me203/Lab8/lab8_materials/data_Dec7_processed/left/left_000462.png,1,left
/home/ispaik/me203/Lab8/lab8_materials/data_Dec7_processed/left/left_000463.png,1,left
/home/ispaik/me203/Lab8/lab8_materials/data_Dec7_processed/left/left_000464.png,1,left
/home/ispaik/me203/Lab8/lab8_materials/data_Dec7_processed/left/left_000465.png,1,left
/home/ispaik/me203/Lab8/lab8_materials/data_Dec7_processed/left/left_000466.png,1,left
/home/ispaik/me203/Lab8/lab8_materials/data_Dec7_processed/left/left_000467.png,1,left
/home/ispaik/me203/Lab8/lab8_materials/data_Dec7_processed/left/left_000468.png,1,left
/home/ispaik/me203/Lab8/lab8_materials/data_Dec7_processed/left/left_000469.png,1,left
/home/ispaik/me203/Lab8/lab8_materials/data_Dec7_processed/left/left_000470.png,1,left
/home/ispaik/me203/Lab8/lab8_materials/data_Dec7_processed/left/left_000471.png,1,left
/home/ispaik/me203/Lab8/lab8_materials/data_Dec7_processed/left/left_000472.png,1,left
/home/ispaik/me203/Lab8/lab8_materials/data_Dec7_processed/left/left_000473.png,1,left
/home/ispaik/me203/Lab8/lab8_materials/data_Dec7_processed/left/left_000474.png,1,left
/home/ispaik/me203/Lab8/lab8_materials/data_Dec7_processed/left/left_000475.png,1,left
/home/ispaik/me203/Lab8/lab8_materials/data_Dec7_processed/left/left_000476.png,1,left
/home/ispaik/me203/Lab8/lab8_materials/data_Dec7_processed/left/left_000477.png,1,left
/home/ispaik/me203/Lab8/lab8_materials/data_Dec7_processed/left/left_000478.png,1,left
/home/ispaik/me203/Lab8/lab8_materials/data_Dec7_processed/left/left_000479.png,1,left
/home/ispaik/me203/Lab8/lab8_materials/data_Dec7_processed/left/left_000480.png,1,left
/home/ispaik/me203/Lab8/lab8_materials/data_Dec7_processed/left/left_000481.png,1,left
/home/ispaik/me203/Lab8/lab8_materials/data_Dec7_processed/left/left_000482.png,1,left
/home/ispaik/me203/Lab8/lab8_materials/data_Dec7_processed/left/left_000483.png,1,left
/home/ispaik/me203/Lab8/lab8_materials/data_Dec7_processed/left/left_000484.png,1,left
/home/ispaik/me203/Lab8/lab8_materials/data_Dec7_processed/left/left_000485.png,1,left
/home/ispaik/me203/Lab8/lab8_materials/data_Dec7_processed/left/left_000486.png,1,left
/home/ispaik/me203/Lab8/lab8_materials/data_Dec7_processed/left/left_000487.png,1,left
/home/ispaik/me203/Lab8/lab8_materials/data_Dec7_processed/red/red_000001.png,2,red
/home/ispaik/me203/Lab8/lab8_materials/data_Dec7_processed/red/red_000002.png,2,red
/home/ispaik/me203/Lab8/lab8_materials/data_Dec7_processed/red/red_000003.png,2,red
/home/ispaik/me203/Lab8/lab8_materials/data_Dec7_processed/red/red_000004.png,2,red
/home/ispaik/me203/Lab8/lab8_materials/data_Dec7_processed/red/red_000005.png,2,red
/home/ispaik/me203/Lab8/lab8_materials/data_Dec7_processed/red/red_000006.png,2,red
/home/ispaik/me203/Lab8/lab8_materials/data_Dec7_processed/red/red_000007.png,2,red
/home/ispaik/me203/Lab8/lab8_materials/data_Dec7_processed/red/red_000008.png,2,red
/home/ispaik/me203/Lab8/lab8_materials/data_Dec7_processed/red/red_000009.png,2,red
/home/ispaik/me203/Lab8/lab8_materials/data_Dec7_processed/red/red_000010.png,2,red
/home/ispaik/me203/Lab8/lab8_materials/data_Dec7_processed/red/red_000011.png,2,red
/home/ispaik/me203/Lab8/lab8_materials/data_Dec7_processed/red/red_000012.png,2,red
/home/ispaik/me203/Lab8/lab8_materials/data_Dec7_processed/red/red_000013.png,2,red
/home/ispaik/me203/Lab8/lab8_materials/data_Dec7_processed/red/red_000014.png,2,red
/home/ispaik/me203/Lab8/lab8_materials/data_Dec7_processed/red/red_000015.png,2,red
/home/ispaik/me203/Lab8/lab8_materials/data_Dec7_processed/red/red_000016.png,2,red
/home/ispaik/me203/Lab8/lab8_materials/data_Dec7_processed/red/red_000017.png,2,red
/home/ispaik/me203/Lab8/lab8_materials/data_Dec7_processed/red/red_000018.png,2,red
/home/ispaik/me203/Lab8/lab8_materials/data_Dec7_processed/red/red_000019.png,2,red
/home/ispaik/me203/Lab8/lab8_materials/data_Dec7_processed/red/red_000020.png,2,red
/home/ispaik/me203/Lab8/lab8_materials/data_Dec7_processed/red/red_000021.png,2,red
/home/ispaik/me203/Lab8/lab8_materials/data_Dec7_processed/red/red_000022.png,2,red
/home/ispaik/me203/Lab8/lab8_materials/data_Dec7_processed/red/red_000023.png,2,red
/home/ispaik/me203/Lab8/lab8_materials/data_Dec7_processed/red/red_000024.png,2,red
/home/ispaik/me203/Lab8/lab8_materials/data_Dec7_processed/red/red_000025.png,2,red
/home/ispaik/me203/Lab8/lab8_materials/data_Dec7_processed/red/red_000026.png,2,red
/home/ispaik/me203/Lab8/lab8_materials/data_Dec7_processed/red/red_000027.png,2,red
/home/ispaik/me203/Lab8/lab8_materials/data_Dec7_processed/red/red_000028.png,2,red
/home/ispaik/me203/Lab8/lab8_materials/data_Dec7_processed/red/red_000029.png,2,red
/home/ispaik/me203/Lab8/lab8_materials/data_Dec7_processed/red/red_000030.png,2,red
/home/ispaik/me203/Lab8/lab8_materials/data_Dec7_processed/red/red_000031.png,2,red
/home/ispaik/me203/Lab8/lab8_materials/data_Dec7_processed/red/red_000032.png,2,red
/home/ispaik/me203/Lab8/lab8_materials/data_Dec7_processed/red/red_000033.png,2,red
/home/ispaik/me203/Lab8/lab8_materials/data_Dec7_processed/red/red_000034.png,2,red
/home/ispaik/me203/Lab8/lab8_materials/data_Dec7_processed/red/red_000035.png,2,red
/home/ispaik/me203/Lab8/lab8_materials/data_Dec7_processed/red/red_000036.png,2,red
/home/ispaik/me203/Lab8/lab8_materials/data_Dec7_processed/red/red_000037.png,2,red
/home/ispaik/me203/Lab8/lab8_materials/data_Dec7_processed/red/red_000038.png,2,red
/home/ispaik/me203/Lab8/lab8_materials/data_Dec7_processed/red/red_000039.png,2,red
/home/ispaik/me203/Lab8/lab8_materials/data_Dec7_processed/red/red_000040.png,2,red
/home/ispaik/me203/Lab8/lab8_materials/data_Dec7_processed/red/red_000041.png,2,red
/home/ispaik/me203/Lab8/lab8_materials/data_Dec7_processed/red/red_000042.png,2,red
/home/ispaik/me203/Lab8/lab8_materials/data_Dec7_processed/red/red_000043.png,2,red
/home/ispaik/me203/Lab8/lab8_materials/data_Dec7_processed/red/red_000044.png,2,red
/home/ispaik/me203/Lab8/lab8_materials/data_Dec7_processed/red/red_000045.png,2,red
/home/ispaik/me203/Lab8/lab8_materials/data_Dec7_processed/red/red_000046.png,2,red
/home/ispaik/me203/Lab8/lab8_materials/data_Dec7_processed/red/red_000047.png,2,red
/home/ispaik/me203/Lab8/lab8_materials/data_Dec7_processed/red/red_000048.png,2,red
/home/ispaik/me203/Lab8/lab8_materials/data_Dec7_processed/red/red_000049.png,2,red
/home/ispaik/me203/Lab8/lab8_materials/data_Dec7_processed/red/red_000050.png,2,red
/home/ispaik/me203/Lab8/lab8_materials/data_Dec7_processed/red/red_000051.png,2,red
/home/ispaik/me203/Lab8/lab8_materials/data_Dec7_processed/red/red_000052.png,2,red
/home/ispaik/me203/Lab8/lab8_materials/data_Dec7_processed/red/red_000053.png,2,red
/home/ispaik/me203/Lab8/lab8_materials/data_Dec7_processed/red/red_000054.png,2,red
/home/ispaik/me203/Lab8/lab8_materials/data_Dec7_processed/red/red_000055.png,2,red
/home/ispaik/me203/Lab8/lab8_materials/data_Dec7_processed/red/red_000056.png,2,red
/home/ispaik/me203/Lab8/lab8_materials/data_Dec7_processed/red/red_000057.png,2,red
/home/ispaik/me203/Lab8/lab8_materials/data_Dec7_processed/red/red_000058.png,2,red
/home/ispaik/me203/Lab8/lab8_materials/data_Dec7_processed/red/red_000059.png,2,red
/home/ispaik/me203/Lab8/lab8_materials/data_Dec7_processed/red/red_000060.png,2,red
/home/ispaik/me203/Lab8/lab8_materials/data_Dec7_processed/red/red_000061.png,2,red
/home/ispaik/me203/Lab8/lab8_materials/data_Dec7_processed/red/red_000062.png,2,red
/home/ispaik/me203/Lab8/lab8_materials/data_Dec7_processed/red/red_000063.png,2,red
/home/ispaik/me203/Lab8/lab8_materials/data_Dec7_processed/red/red_000064.png,2,red
/home/ispaik/me203/Lab8/lab8_materials/data_Dec7_processed/red/red_000065.png,2,red
/home/ispaik/me203/Lab8/lab8_materials/data_Dec7_processed/red/red_000066.png,2,red
/home/ispaik/me203/Lab8/lab8_materials/data_Dec7_processed/red/red_000067.png,2,red
/home/ispaik/me203/Lab8/lab8_materials/data_Dec7_processed/red/red_000068.png,2,red
/home/ispaik/me203/Lab8/lab8_materials/data_Dec7_processed/red/red_000069.png,2,red
/home/ispaik/me203/Lab8/lab8_materials/data_Dec7_processed/red/red_000070.png,2,red
/home/ispaik/me203/Lab8/lab8_materials/data_Dec7_processed/red/red_000071.png,2,red
/home/ispaik/me203/Lab8/lab8_materials/data_Dec7_processed/red/red_000072.png,2,red
/home/ispaik/me203/Lab8/lab8_materials/data_Dec7_processed/red/red_000073.png,2,red
/home/ispaik/me203/Lab8/lab8_materials/data_Dec7_processed/red/red_000074.png,2,red
/home/ispaik/me203/Lab8/lab8_materials/data_Dec7_processed/red/red_000075.png,2,red
/home/ispaik/me203/Lab8/lab8_materials/data_Dec7_processed/red/red_000076.png,2,red
/home/ispaik/me203/Lab8/lab8_materials/data_Dec7_processed/red/red_000077.png,2,red
/home/ispaik/me203/Lab8/lab8_materials/data_Dec7_processed/red/red_000078.png,2,red
/home/ispaik/me203/Lab8/lab8_materials/data_Dec7_processed/red/red_000079.png,2,red
/home/ispaik/me203/Lab8/lab8_materials/data_Dec7_processed/red/red_000080.png,2,red
/home/ispaik/me203/Lab8/lab8_materials/data_Dec7_processed/red/red_000081.png,2,red
/home/ispaik/me203/Lab8/lab8_materials/data_Dec7_processed/red/red_000082.png,2,red
/home/ispaik/me203/Lab8/lab8_materials/data_Dec7_processed/red/red_000083.png,2,red
/home/ispaik/me203/Lab8/lab8_materials/data_Dec7_processed/red/red_000084.png,2,red
/home/ispaik/me203/Lab8/lab8_materials/data_Dec7_processed/red/red_000085.png,2,red
/home/ispaik/me203/Lab8/lab8_materials/data_Dec7_processed/red/red_000086.png,2,red
/home/ispaik/me203/Lab8/lab8_materials/data_Dec7_processed/red/red_000087.png,2,red
/home/ispaik/me203/Lab8/lab8_materials/data_Dec7_processed/red/red_000088.png,2,red
/home/ispaik/me203/Lab8/lab8_materials/data_Dec7_processed/red/red_000089.png,2,red
/home/ispaik/me203/Lab8/lab8_materials/data_Dec7_processed/red/red_000090.png,2,red
/home/ispaik/me203/Lab8/lab8_materials/data_Dec7_processed/red/red_000091.png,2,red
/home/ispaik/me203/Lab8/lab8_materials/data_Dec7_processed/red/red_000092.png,2,red
/home/ispaik/me203/Lab8/lab8_materials/data_Dec7_processed/red/red_000093.png,2,red
/home/ispaik/me203/Lab8/lab8_materials/data_Dec7_processed/red/red_000094.png,2,red
/home/ispaik/me203/Lab8/lab8_materials/data_Dec7_processed/red/red_000095.png,2,red
/home/ispaik/me203/Lab8/lab8_materials/data_Dec7_processed/red/red_000096.png,2,red
/home/ispaik/me203/Lab8/lab8_materials/data_Dec7_processed/red/red_000097.png,2,red
/home/ispaik/me203/Lab8/lab8_materials/data_Dec7_processed/red/red_000098.png,2,red
/home/ispaik/me203/Lab8/lab8_materials/data_Dec7_processed/red/red_000099.png,2,red
/home/ispaik/me203/Lab8/lab8_materials/data_Dec7_processed/red/red_000100.png,2,red
/home/ispaik/me203/Lab8/lab8_materials/data_Dec7_processed/red/red_000101.png,2,red
/home/ispaik/me203/Lab8/lab8_materials/data_Dec7_processed/red/red_000102.png,2,red
/home/ispaik/me203/Lab8/lab8_materials/data_Dec7_processed/red/red_000103.png,2,red
/home/ispaik/me203/Lab8/lab8_materials/data_Dec7_processed/red/red_000104.png,2,red
/home/ispaik/me203/Lab8/lab8_materials/data_Dec7_processed/red/red_000105.png,2,red
/home/ispaik/me203/Lab8/lab8_materials/data_Dec7_processed/red/red_000106.png,2,red
/home/ispaik/me203/Lab8/lab8_materials/data_Dec7_processed/red/red_000107.png,2,red
/home/ispaik/me203/Lab8/lab8_materials/data_Dec7_processed/red/red_000108.png,2,red
/home/ispaik/me203/Lab8/lab8_materials/data_Dec7_processed/red/red_000109.png,2,red
/home/ispaik/me203/Lab8/lab8_materials/data_Dec7_processed/red/red_000110.png,2,red
/home/ispaik/me203/Lab8/lab8_materials/data_Dec7_processed/red/red_000111.png,2,red
/home/ispaik/me203/Lab8/lab8_materials/data_Dec7_processed/red/red_000112.png,2,red
/home/ispaik/me203/Lab8/lab8_materials/data_Dec7_processed/red/red_000113.png,2,red
/home/ispaik/me203/Lab8/lab8_materials/data_Dec7_processed/red/red_000114.png,2,red
/home/ispaik/me203/Lab8/lab8_materials/data_Dec7_processed/red/red_000115.png,2,red
/home/ispaik/me203/Lab8/lab8_materials/data_Dec7_processed/red/red_000116.png,2,red
/home/ispaik/me203/Lab8/lab8_materials/data_Dec7_processed/red/red_000117.png,2,red
/home/ispaik/me203/Lab8/lab8_materials/data_Dec7_processed/red/red_000118.png,2,red
/home/ispaik/me203/Lab8/lab8_materials/data_Dec7_processed/red/red_000119.png,2,red
/home/ispaik/me203/Lab8/lab8_materials/data_Dec7_processed/red/red_000120.png,2,red
/home/ispaik/me203/Lab8/lab8_materials/data_Dec7_processed/red/red_000121.png,2,red
/home/ispaik/me203/Lab8/lab8_materials/data_Dec7_processed/red/red_000122.png,2,red
/home/ispaik/me203/Lab8/lab8_materials/data_Dec7_processed/red/red_000123.png,2,red
/home/ispaik/me203/Lab8/lab8_materials/data_Dec7_processed/red/red_000124.png,2,red
/home/ispaik/me203/Lab8/lab8_materials/data_Dec7_processed/red/red_000125.png,2,red
/home/ispaik/me203/Lab8/lab8_materials/data_Dec7_processed/red/red_000126.png,2,red
/home/ispaik/me203/Lab8/lab8_materials/data_Dec7_processed/red/red_000127.png,2,red
/home/ispaik/me203/Lab8/lab8_materials/data_Dec7_processed/red/red_000128.png,2,red
/home/ispaik/me203/Lab8/lab8_materials/data_Dec7_processed/red/red_000129.png,2,red
/home/ispaik/me203/Lab8/lab8_materials/data_Dec7_processed/red/red_000130.png,2,red
/home/ispaik/me203/Lab8/lab8_materials/data_Dec7_processed/red/red_000131.png,2,red
/home/ispaik/me203/Lab8/lab8_materials/data_Dec7_processed/red/red_000132.png,2,red
/home/ispaik/me203/Lab8/lab8_materials/data_Dec7_processed/red/red_000133.png,2,red
/home/ispaik/me203/Lab8/lab8_materials/data_Dec7_processed/red/red_000134.png,2,red
/home/ispaik/me203/Lab8/lab8_materials/data_Dec7_processed/red/red_000135.png,2,red
/home/ispaik/me203/Lab8/lab8_materials/data_Dec7_processed/red/red_000136.png,2,red
/home/ispaik/me203/Lab8/lab8_materials/data_Dec7_processed/red/red_000137.png,2,red
/home/ispaik/me203/Lab8/lab8_materials/data_Dec7_processed/red/red_000138.png,2,red
/home/ispaik/me203/Lab8/lab8_materials/data_Dec7_processed/red/red_000139.png,2,red
/home/ispaik/me203/Lab8/lab8_materials/data_Dec7_processed/red/red_000140.png,2,red
/home/ispaik/me203/Lab8/lab8_materials/data_Dec7_processed/red/red_000141.png,2,red
/home/ispaik/me203/Lab8/lab8_materials/data_Dec7_processed/red/red_000142.png,2,red
/home/ispaik/me203/Lab8/lab8_materials/data_Dec7_processed/red/red_000143.png,2,red
/home/ispaik/me203/Lab8/lab8_materials/data_Dec7_processed/red/red_000144.png,2,red
/home/ispaik/me203/Lab8/lab8_materials/data_Dec7_processed/red/red_000145.png,2,red
/home/ispaik/me203/Lab8/lab8_materials/data_Dec7_processed/red/red_000146.png,2,red
/home/ispaik/me203/Lab8/lab8_materials/data_Dec7_processed/red/red_000147.png,2,red
/home/ispaik/me203/Lab8/lab8_materials/data_Dec7_processed/red/red_000148.png,2,red
/home/ispaik/me203/Lab8/lab8_materials/data_Dec7_processed/red/red_000149.png,2,red
/home/ispaik/me203/Lab8/lab8_materials/data_Dec7_processed/red/red_000150.png,2,red
/home/ispaik/me203/Lab8/lab8_materials/data_Dec7_processed/right/right_000001.png,3,right
/home/ispaik/me203/Lab8/lab8_materials/data_Dec7_processed/right/right_000002.png,3,right
/home/ispaik/me203/Lab8/lab8_materials/data_Dec7_processed/right/right_000003.png,3,right
/home/ispaik/me203/Lab8/lab8_materials/data_Dec7_processed/right/right_000004.png,3,right
/home/ispaik/me203/Lab8/lab8_materials/data_Dec7_processed/right/right_000005.png,3,right
/home/ispaik/me203/Lab8/lab8_materials/data_Dec7_processed/right/right_000006.png,3,right
/home/ispaik/me203/Lab8/lab8_materials/data_Dec7_processed/right/right_000007.png,3,right
/home/ispaik/me203/Lab8/lab8_materials/data_Dec7_processed/right/right_000008.png,3,right
/home/ispaik/me203/Lab8/lab8_materials/data_Dec7_processed/right/right_000009.png,3,right
/home/ispaik/me203/Lab8/lab8_materials/data_Dec7_processed/right/right_000010.png,3,right
/home/ispaik/me203/Lab8/lab8_materials/data_Dec7_processed/right/right_000011.png,3,right
/home/ispaik/me203/Lab8/lab8_materials/data_Dec7_processed/right/right_000012.png,3,right
/home/ispaik/me203/Lab8/lab8_materials/data_Dec7_processed/right/right_000013.png,3,right
/home/ispaik/me203/Lab8/lab8_materials/data_Dec7_processed/right/right_000014.png,3,right
/home/ispaik/me203/Lab8/lab8_materials/data_Dec7_processed/right/right_000015.png,3,right
/home/ispaik/me203/Lab8/lab8_materials/data_Dec7_processed/right/right_000016.png,3,right
/home/ispaik/me203/Lab8/lab8_materials/data_Dec7_processed/right/right_000017.png,3,right
/home/ispaik/me203/Lab8/lab8_materials/data_Dec7_processed/right/right_000018.png,3,right
/home/ispaik/me203/Lab8/lab8_materials/data_Dec7_processed/right/right_000019.png,3,right
/home/ispaik/me203/Lab8/lab8_materials/data_Dec7_processed/right/right_000020.png,3,right
/home/ispaik/me203/Lab8/lab8_materials/data_Dec7_processed/right/right_000021.png,3,right
/home/ispaik/me203/Lab8/lab8_materials/data_Dec7_processed/right/right_000022.png,3,right
/home/ispaik/me203/Lab8/lab8_materials/data_Dec7_processed/right/right_000023.png,3,right
/home/ispaik/me203/Lab8/lab8_materials/data_Dec7_processed/right/right_000024.png,3,right
/home/ispaik/me203/Lab8/lab8_materials/data_Dec7_processed/right/right_000025.png,3,right
/home/ispaik/me203/Lab8/lab8_materials/data_Dec7_processed/right/right_000026.png,3,right
/home/ispaik/me203/Lab8/lab8_materials/data_Dec7_processed/right/right_000027.png,3,right
/home/ispaik/me203/Lab8/lab8_materials/data_Dec7_processed/right/right_000028.png,3,right
/home/ispaik/me203/Lab8/lab8_materials/data_Dec7_processed/right/right_000029.png,3,right
/home/ispaik/me203/Lab8/lab8_materials/data_Dec7_processed/right/right_000030.png,3,right
/home/ispaik/me203/Lab8/lab8_materials/data_Dec7_processed/right/right_000031.png,3,right
/home/ispaik/me203/Lab8/lab8_materials/data_Dec7_processed/right/right_000032.png,3,right
/home/ispaik/me203/Lab8/lab8_materials/data_Dec7_processed/right/right_000033.png,3,right
/home/ispaik/me203/Lab8/lab8_materials/data_Dec7_processed/right/right_000034.png,3,right
/home/ispaik/me203/Lab8/lab8_materials/data_Dec7_processed/right/right_000035.png,3,right
/home/ispaik/me203/Lab8/lab8_materials/data_Dec7_processed/right/right_000036.png,3,right
/home/ispaik/me203/Lab8/lab8_materials/data_Dec7_processed/right/right_000037.png,3,right
/home/ispaik/me203/Lab8/lab8_materials/data_Dec7_processed/right/right_000038.png,3,right
/home/ispaik/me203/Lab8/lab8_materials/data_Dec7_processed/right/right_000039.png,3,right
/home/ispaik/me203/Lab8/lab8_materials/data_Dec7_processed/right/right_000040.png,3,right
/home/ispaik/me203/Lab8/lab8_materials/data_Dec7_processed/right/right_000041.png,3,right
/home/ispaik/me203/Lab8/lab8_materials/data_Dec7_processed/right/right_000042.png,3,right
/home/ispaik/me203/Lab8/lab8_materials/data_Dec7_processed/right/right_000043.png,3,right
/home/ispaik/me203/Lab8/lab8_materials/data_Dec7_processed/right/right_000044.png,3,right
/home/ispaik/me203/Lab8/lab8_materials/data_Dec7_processed/right/right_000045.png,3,right
/home/ispaik/me203/Lab8/lab8_materials/data_Dec7_processed/right/right_000046.png,3,right
/home/ispaik/me203/Lab8/lab8_materials/data_Dec7_processed/right/right_000047.png,3,right
/home/ispaik/me203/Lab8/lab8_materials/data_Dec7_processed/right/right_000048.png,3,right
/home/ispaik/me203/Lab8/lab8_materials/data_Dec7_processed/right/right_000049.png,3,right
/home/ispaik/me203/Lab8/lab8_materials/data_Dec7_processed/right/right_000050.png,3,right
/home/ispaik/me203/Lab8/lab8_materials/data_Dec7_processed/right/right_000051.png,3,right
/home/ispaik/me203/Lab8/lab8_materials/data_Dec7_processed/right/right_000052.png,3,right
/home/ispaik/me203/Lab8/lab8_materials/data_Dec7_processed/right/right_000053.png,3,right
/home/ispaik/me203/Lab8/lab8_materials/data_Dec7_processed/right/right_000054.png,3,right
/home/ispaik/me203/Lab8/lab8_materials/data_Dec7_processed/right/right_000055.png,3,right
/home/ispaik/me203/Lab8/lab8_materials/data_Dec7_processed/right/right_000056.png,3,right
/home/ispaik/me203/Lab8/lab8_materials/data_Dec7_processed/right/right_000057.png,3,right
/home/ispaik/me203/Lab8/lab8_materials/data_Dec7_processed/right/right_000058.png,3,right
/home/ispaik/me203/Lab8/lab8_materials/data_Dec7_processed/right/right_000059.png,3,right
/home/ispaik/me203/Lab8/lab8_materials/data_Dec7_processed/right/right_000060.png,3,right
/home/ispaik/me203/Lab8/lab8_materials/data_Dec7_processed/right/right_000061.png,3,right
/home/ispaik/me203/Lab8/lab8_materials/data_Dec7_processed/right/right_000062.png,3,right
/home/ispaik/me203/Lab8/lab8_materials/data_Dec7_processed/right/right_000063.png,3,right
/home/ispaik/me203/Lab8/lab8_materials/data_Dec7_processed/right/right_000064.png,3,right
/home/ispaik/me203/Lab8/lab8_materials/data_Dec7_processed/right/right_000065.png,3,right
/home/ispaik/me203/Lab8/lab8_materials/data_Dec7_processed/right/right_000066.png,3,right
/home/ispaik/me203/Lab8/lab8_materials/data_Dec7_processed/right/right_000067.png,3,right
/home/ispaik/me203/Lab8/lab8_materials/data_Dec7_processed/right/right_000068.png,3,right
/home/ispaik/me203/Lab8/lab8_materials/data_Dec7_processed/right/right_000069.png,3,right
/home/ispaik/me203/Lab8/lab8_materials/data_Dec7_processed/right/right_000070.png,3,right
/home/ispaik/me203/Lab8/lab8_materials/data_Dec7_processed/right/right_000071.png,3,right
/home/ispaik/me203/Lab8/lab8_materials/data_Dec7_processed/right/right_000072.png,3,right
/home/ispaik/me203/Lab8/lab8_materials/data_Dec7_processed/right/right_000073.png,3,right
/home/ispaik/me203/Lab8/lab8_materials/data_Dec7_processed/right/right_000074.png,3,right
/home/ispaik/me203/Lab8/lab8_materials/data_Dec7_processed/right/right_000075.png,3,right
/home/ispaik/me203/Lab8/lab8_materials/data_Dec7_processed/right/right_000076.png,3,right
/home/ispaik/me203/Lab8/lab8_materials/data_Dec7_processed/right/right_000077.png,3,right
/home/ispaik/me203/Lab8/lab8_materials/data_Dec7_processed/right/right_000078.png,3,right
/home/ispaik/me203/Lab8/lab8_materials/data_Dec7_processed/right/right_000079.png,3,right
/home/ispaik/me203/Lab8/lab8_materials/data_Dec7_processed/right/right_000080.png,3,right
/home/ispaik/me203/Lab8/lab8_materials/data_Dec7_processed/right/right_000081.png,3,right
/home/ispaik/me203/Lab8/lab8_materials/data_Dec7_processed/right/right_000082.png,3,right
/home/ispaik/me203/Lab8/lab8_materials/data_Dec7_processed/right/right_000083.png,3,right
/home/ispaik/me203/Lab8/lab8_materials/data_Dec7_processed/right/right_000084.png,3,right
/home/ispaik/me203/Lab8/lab8_materials/data_Dec7_processed/right/right_000085.png,3,right
/home/ispaik/me203/Lab8/lab8_materials/data_Dec7_processed/right/right_000086.png,3,right
/home/ispaik/me203/Lab8/lab8_materials/data_Dec7_processed/right/right_000087.png,3,right
/home/ispaik/me203/Lab8/lab8_materials/data_Dec7_processed/right/right_000088.png,3,right
/home/ispaik/me203/Lab8/lab8_materials/data_Dec7_processed/right/right_000089.png,3,right
/home/ispaik/me203/Lab8/lab8_materials/data_Dec7_processed/right/right_000090.png,3,right
/home/ispaik/me203/Lab8/lab8_materials/data_Dec7_processed/right/right_000091.png,3,right
/home/ispaik/me203/Lab8/lab8_materials/data_Dec7_processed/right/right_000092.png,3,right
/home/ispaik/me203/Lab8/lab8_materials/data_Dec7_processed/right/right_000093.png,3,right
/home/ispaik/me203/Lab8/lab8_materials/data_Dec7_processed/right/right_000094.png,3,right
/home/ispaik/me203/Lab8/lab8_materials/data_Dec7_processed/right/right_000095.png,3,right
/home/ispaik/me203/Lab8/lab8_materials/data_Dec7_processed/right/right_000096.png,3,right
/home/ispaik/me203/Lab8/lab8_materials/data_Dec7_processed/right/right_000097.png,3,right
/home/ispaik/me203/Lab8/lab8_materials/data_Dec7_processed/right/right_000098.png,3,right
/home/ispaik/me203/Lab8/lab8_materials/data_Dec7_processed/right/right_000099.png,3,right
/home/ispaik/me203/Lab8/lab8_materials/data_Dec7_processed/right/right_000100.png,3,right
/home/ispaik/me203/Lab8/lab8_materials/data_Dec7_processed/right/right_000101.png,3,right
/home/ispaik/me203/Lab8/lab8_materials/data_Dec7_processed/right/right_000102.png,3,right
/home/ispaik/me203/Lab8/lab8_materials/data_Dec7_processed/right/right_000103.png,3,right
/home/ispaik/me203/Lab8/lab8_materials/data_Dec7_processed/right/right_000104.png,3,right
/home/ispaik/me203/Lab8/lab8_materials/data_Dec7_processed/right/right_000105.png,3,right
/home/ispaik/me203/Lab8/lab8_materials/data_Dec7_processed/right/right_000106.png,3,right
/home/ispaik/me203/Lab8/lab8_materials/data_Dec7_processed/right/right_000107.png,3,right
/home/ispaik/me203/Lab8/lab8_materials/data_Dec7_processed/right/right_000108.png,3,right
/home/ispaik/me203/Lab8/lab8_materials/data_Dec7_processed/right/right_000109.png,3,right
/home/ispaik/me203/Lab8/lab8_materials/data_Dec7_processed/right/right_000110.png,3,right
/home/ispaik/me203/Lab8/lab8_materials/data_Dec7_processed/right/right_000111.png,3,right
/home/ispaik/me203/Lab8/lab8_materials/data_Dec7_processed/right/right_000112.png,3,right
/home/ispaik/me203/Lab8/lab8_materials/data_Dec7_processed/right/right_000113.png,3,right
/home/ispaik/me203/Lab8/lab8_materials/data_Dec7_processed/right/right_000114.png,3,right
/home/ispaik/me203/Lab8/lab8_materials/data_Dec7_processed/right/right_000115.png,3,right
/home/ispaik/me203/Lab8/lab8_materials/data_Dec7_processed/right/right_000116.png,3,right
/home/ispaik/me203/Lab8/lab8_materials/data_Dec7_processed/right/right_000117.png,3,right
/home/ispaik/me203/Lab8/lab8_materials/data_Dec7_processed/right/right_000118.png,3,right
/home/ispaik/me203/Lab8/lab8_materials/data_Dec7_processed/right/right_000119.png,3,right
/home/ispaik/me203/Lab8/lab8_materials/data_Dec7_processed/right/right_000120.png,3,right
/home/ispaik/me203/Lab8/lab8_materials/data_Dec7_processed/right/right_000121.png,3,right
/home/ispaik/me203/Lab8/lab8_materials/data_Dec7_processed/right/right_000122.png,3,right
/home/ispaik/me203/Lab8/lab8_materials/data_Dec7_processed/right/right_000123.png,3,right
/home/ispaik/me203/Lab8/lab8_materials/data_Dec7_processed/right/right_000124.png,3,right
/home/ispaik/me203/Lab8/lab8_materials/data_Dec7_processed/right/right_000125.png,3,right
/home/ispaik/me203/Lab8/lab8_materials/data_Dec7_processed/right/right_000126.png,3,right
/home/ispaik/me203/Lab8/lab8_materials/data_Dec7_processed/right/right_000127.png,3,right
/home/ispaik/me203/Lab8/lab8_materials/data_Dec7_processed/right/right_000128.png,3,right
/home/ispaik/me203/Lab8/lab8_materials/data_Dec7_processed/right/right_000129.png,3,right
/home/ispaik/me203/Lab8/lab8_materials/data_Dec7_processed/right/right_000130.png,3,right
/home/ispaik/me203/Lab8/lab8_materials/data_Dec7_processed/right/right_000131.png,3,right
/home/ispaik/me203/Lab8/lab8_materials/data_Dec7_processed/right/right_000132.png,3,right
/home/ispaik/me203/Lab8/lab8_materials/data_Dec7_processed/right/right_000133.png,3,right
/home/ispaik/me203/Lab8/lab8_materials/data_Dec7_processed/right/right_000134.png,3,right
/home/ispaik/me203/Lab8/lab8_materials/data_Dec7_processed/right/right_000135.png,3,right
/home/ispaik/me203/Lab8/lab8_materials/data_Dec7_processed/right/right_000136.png,3,right
/home/ispaik/me203/Lab8/lab8_materials/data_Dec7_processed/right/right_000137.png,3,right
/home/ispaik/me203/Lab8/lab8_materials/data_Dec7_processed/right/right_000138.png,3,right
/home/ispaik/me203/Lab8/lab8_materials/data_Dec7_processed/right/right_000139.png,3,right
/home/ispaik/me203/Lab8/lab8_materials/data_Dec7_processed/right/right_000140.png,3,right
/home/ispaik/me203/Lab8/lab8_materials/data_Dec7_processed/right/right_000141.png,3,right
/home/ispaik/me203/Lab8/lab8_materials/data_Dec7_processed/right/right_000142.png,3,right
/home/ispaik/me203/Lab8/lab8_materials/data_Dec7_processed/right/right_000143.png,3,right
/home/ispaik/me203/Lab8/lab8_materials/data_Dec7_processed/right/right_000144.png,3,right
/home/ispaik/me203/Lab8/lab8_materials/data_Dec7_processed/right/right_000145.png,3,right
/home/ispaik/me203/Lab8/lab8_materials/data_Dec7_processed/right/right_000146.png,3,right
/home/ispaik/me203/Lab8/lab8_materials/data_Dec7_processed/right/right_000147.png,3,right
/home/ispaik/me203/Lab8/lab8_materials/data_Dec7_processed/right/right_000148.png,3,right
/home/ispaik/me203/Lab8/lab8_materials/data_Dec7_processed/right/right_000149.png,3,right
/home/ispaik/me203/Lab8/lab8_materials/data_Dec7_processed/right/right_000150.png,3,right
/home/ispaik/me203/Lab8/lab8_materials/data_Dec7_processed/right/right_000151.png,3,right
/home/ispaik/me203/Lab8/lab8_materials/data_Dec7_processed/right/right_000152.png,3,right
/home/ispaik/me203/Lab8/lab8_materials/data_Dec7_processed/right/right_000153.png,3,right
/home/ispaik/me203/Lab8/lab8_materials/data_Dec7_processed/right/right_000154.png,3,right
/home/ispaik/me203/Lab8/lab8_materials/data_Dec7_processed/right/right_000155.png,3,right
/home/ispaik/me203/Lab8/lab8_materials/data_Dec7_processed/right/right_000156.png,3,right
/home/ispaik/me203/Lab8/lab8_materials/data_Dec7_processed/right/right_000157.png,3,right
/home/ispaik/me203/Lab8/lab8_materials/data_Dec7_processed/right/right_000158.png,3,right
/home/ispaik/me203/Lab8/lab8_materials/data_Dec7_processed/right/right_000159.png,3,right
/home/ispaik/me203/Lab8/lab8_materials/data_Dec7_processed/right/right_000160.png,3,right
/home/ispaik/me203/Lab8/lab8_materials/data_Dec7_processed/right/right_000161.png,3,right
/home/ispaik/me203/Lab8/lab8_materials/data_Dec7_processed/right/right_000162.png,3,right
/home/ispaik/me203/Lab8/lab8_materials/data_Dec7_processed/right/right_000163.png,3,right
/home/ispaik/me203/Lab8/lab8_materials/data_Dec7_processed/right/right_000164.png,3,right
/home/ispaik/me203/Lab8/lab8_materials/data_Dec7_processed/right/right_000165.png,3,right
/home/ispaik/me203/Lab8/lab8_materials/data_Dec7_processed/right/right_000166.png,3,right
/home/ispaik/me203/Lab8/lab8_materials/data_Dec7_processed/right/right_000167.png,3,right
/home/ispaik/me203/Lab8/lab8_materials/data_Dec7_processed/right/right_000168.png,3,right
/home/ispaik/me203/Lab8/lab8_materials/data_Dec7_processed/right/right_000169.png,3,right
/home/ispaik/me203/Lab8/lab8_materials/data_Dec7_processed/right/right_000170.png,3,right
/home/ispaik/me203/Lab8/lab8_materials/data_Dec7_processed/right/right_000171.png,3,right
/home/ispaik/me203/Lab8/lab8_materials/data_Dec7_processed/right/right_000172.png,3,right
/home/ispaik/me203/Lab8/lab8_materials/data_Dec7_processed/right/right_000173.png,3,right
/home/ispaik/me203/Lab8/lab8_materials/data_Dec7_processed/right/right_000174.png,3,right
/home/ispaik/me203/Lab8/lab8_materials/data_Dec7_processed/right/right_000175.png,3,right
/home/ispaik/me203/Lab8/lab8_materials/data_Dec7_processed/right/right_000176.png,3,right
/home/ispaik/me203/Lab8/lab8_materials/data_Dec7_processed/right/right_000177.png,3,right
/home/ispaik/me203/Lab8/lab8_materials/data_Dec7_processed/right/right_000178.png,3,right
/home/ispaik/me203/Lab8/lab8_materials/data_Dec7_processed/right/right_000179.png,3,right
/home/ispaik/me203/Lab8/lab8_materials/data_Dec7_processed/right/right_000180.png,3,right
/home/ispaik/me203/Lab8/lab8_materials/data_Dec7_processed/right/right_000181.png,3,right
/home/ispaik/me203/Lab8/lab8_materials/data_Dec7_processed/right/right_000182.png,3,right
/home/ispaik/me203/Lab8/lab8_materials/data_Dec7_processed/right/right_000183.png,3,right
/home/ispaik/me203/Lab8/lab8_materials/data_Dec7_processed/right/right_000184.png,3,right
/home/ispaik/me203/Lab8/lab8_materials/data_Dec7_processed/right/right_000185.png,3,right
/home/ispaik/me203/Lab8/lab8_materials/data_Dec7_processed/right/right_000186.png,3,right
/home/ispaik/me203/Lab8/lab8_materials/data_Dec7_processed/right/right_000187.png,3,right
/home/ispaik/me203/Lab8/lab8_materials/data_Dec7_processed/right/right_000188.png,3,right
/home/ispaik/me203/Lab8/lab8_materials/data_Dec7_processed/right/right_000189.png,3,right
/home/ispaik/me203/Lab8/lab8_materials/data_Dec7_processed/right/right_000190.png,3,right
/home/ispaik/me203/Lab8/lab8_materials/data_Dec7_processed/right/right_000191.png,3,right
/home/ispaik/me203/Lab8/lab8_materials/data_Dec7_processed/right/right_000192.png,3,right
/home/ispaik/me203/Lab8/lab8_materials/data_Dec7_processed/right/right_000193.png,3,right
/home/ispaik/me203/Lab8/lab8_materials/data_Dec7_processed/right/right_000194.png,3,right
/home/ispaik/me203/Lab8/lab8_materials/data_Dec7_processed/right/right_000195.png,3,right
/home/ispaik/me203/Lab8/lab8_materials/data_Dec7_processed/right/right_000196.png,3,right
/home/ispaik/me203/Lab8/lab8_materials/data_Dec7_processed/right/right_000197.png,3,right
/home/ispaik/me203/Lab8/lab8_materials/data_Dec7_processed/right/right_000198.png,3,right
/home/ispaik/me203/Lab8/lab8_materials/data_Dec7_processed/right/right_000199.png,3,right
/home/ispaik/me203/Lab8/lab8_materials/data_Dec7_processed/right/right_000200.png,3,right
/home/ispaik/me203/Lab8/lab8_materials/data_Dec7_processed/right/right_000201.png,3,right
/home/ispaik/me203/Lab8/lab8_materials/data_Dec7_processed/right/right_000202.png,3,right
/home/ispaik/me203/Lab8/lab8_materials/data_Dec7_processed/right/right_000203.png,3,right
/home/ispaik/me203/Lab8/lab8_materials/data_Dec7_processed/right/right_000204.png,3,right
/home/ispaik/me203/Lab8/lab8_materials/data_Dec7_processed/right/right_000205.png,3,right
/home/ispaik/me203/Lab8/lab8_materials/data_Dec7_processed/right/right_000206.png,3,right
/home/ispaik/me203/Lab8/lab8_materials/data_Dec7_processed/right/right_000207.png,3,right
/home/ispaik/me203/Lab8/lab8_materials/data_Dec7_processed/right/right_000208.png,3,right
/home/ispaik/me203/Lab8/lab8_materials/data_Dec7_processed/right/right_000209.png,3,right
/home/ispaik/me203/Lab8/lab8_materials/data_Dec7_processed/right/right_000210.png,3,right
/home/ispaik/me203/Lab8/lab8_materials/data_Dec7_processed/right/right_000211.png,3,right
/home/ispaik/me203/Lab8/lab8_materials/data_Dec7_processed/right/right_000212.png,3,right
/home/ispaik/me203/Lab8/lab8_materials/data_Dec7_processed/right/right_000213.png,3,right
/home/ispaik/me203/Lab8/lab8_materials/data_Dec7_processed/right/right_000214.png,3,right
/home/ispaik/me203/Lab8/lab8_materials/data_Dec7_processed/right/right_000215.png,3,right
/home/ispaik/me203/Lab8/lab8_materials/data_Dec7_processed/right/right_000216.png,3,right
/home/ispaik/me203/Lab8/lab8_materials/data_Dec7_processed/right/right_000217.png,3,right
/home/ispaik/me203/Lab8/lab8_materials/data_Dec7_processed/right/right_000218.png,3,right
/home/ispaik/me203/Lab8/lab8_materials/data_Dec7_processed/right/right_000219.png,3,right
/home/ispaik/me203/Lab8/lab8_materials/data_Dec7_processed/right/right_000220.png,3,right
/home/ispaik/me203/Lab8/lab8_materials/data_Dec7_processed/right/right_000221.png,3,right
/home/ispaik/me203/Lab8/lab8_materials/data_Dec7_processed/right/right_000222.png,3,right
/home/ispaik/me203/Lab8/lab8_materials/data_Dec7_processed/right/right_000223.png,3,right
/home/ispaik/me203/Lab8/lab8_materials/data_Dec7_processed/right/right_000224.png,3,right
/home/ispaik/me203/Lab8/lab8_materials/data_Dec7_processed/right/right_000225.png,3,right
/home/ispaik/me203/Lab8/lab8_materials/data_Dec7_processed/right/right_000226.png,3,right
/home/ispaik/me203/Lab8/lab8_materials/data_Dec7_processed/right/right_000227.png,3,right
/home/ispaik/me203/Lab8/lab8_materials/data_Dec7_processed/right/right_000228.png,3,right
/home/ispaik/me203/Lab8/lab8_materials/data_Dec7_processed/right/right_000229.png,3,right
/home/ispaik/me203/Lab8/lab8_materials/data_Dec7_processed/right/right_000230.png,3,right
/home/ispaik/me203/Lab8/lab8_materials/data_Dec7_processed/right/right_000231.png,3,right
/home/ispaik/me203/Lab8/lab8_materials/data_Dec7_processed/right/right_000232.png,3,right
/home/ispaik/me203/Lab8/lab8_materials/data_Dec7_processed/right/right_000233.png,3,right
/home/ispaik/me203/Lab8/lab8_materials/data_Dec7_processed/right/right_000234.png,3,right
/home/ispaik/me203/Lab8/lab8_materials/data_Dec7_processed/right/right_000235.png,3,right
/home/ispaik/me203/Lab8/lab8_materials/data_Dec7_processed/right/right_000236.png,3,right
/home/ispaik/me203/Lab8/lab8_materials/data_Dec7_processed/right/right_000237.png,3,right
/home/ispaik/me203/Lab8/lab8_materials/data_Dec7_processed/right/right_000238.png,3,right
/home/ispaik/me203/Lab8/lab8_materials/data_Dec7_processed/right/right_000239.png,3,right
/home/ispaik/me203/Lab8/lab8_materials/data_Dec7_processed/right/right_000240.png,3,right
/home/ispaik/me203/Lab8/lab8_materials/data_Dec7_processed/right/right_000241.png,3,right
/home/ispaik/me203/Lab8/lab8_materials/data_Dec7_processed/right/right_000242.png,3,right
/home/ispaik/me203/Lab8/lab8_materials/data_Dec7_processed/right/right_000243.png,3,right
/home/ispaik/me203/Lab8/lab8_materials/data_Dec7_processed/right/right_000244.png,3,right
/home/ispaik/me203/Lab8/lab8_materials/data_Dec7_processed/right/right_000245.png,3,right
/home/ispaik/me203/Lab8/lab8_materials/data_Dec7_processed/right/right_000246.png,3,right
/home/ispaik/me203/Lab8/lab8_materials/data_Dec7_processed/right/right_000247.png,3,right
/home/ispaik/me203/Lab8/lab8_materials/data_Dec7_processed/right/right_000248.png,3,right
/home/ispaik/me203/Lab8/lab8_materials/data_Dec7_processed/right/right_000249.png,3,right
/home/ispaik/me203/Lab8/lab8_materials/data_Dec7_processed/right/right_000250.png,3,right
/home/ispaik/me203/Lab8/lab8_materials/data_Dec7_processed/right/right_000251.png,3,right
/home/ispaik/me203/Lab8/lab8_materials/data_Dec7_processed/right/right_000252.png,3,right
/home/ispaik/me203/Lab8/lab8_materials/data_Dec7_processed/right/right_000253.png,3,right
/home/ispaik/me203/Lab8/lab8_materials/data_Dec7_processed/right/right_000254.png,3,right
/home/ispaik/me203/Lab8/lab8_materials/data_Dec7_processed/right/right_000255.png,3,right
/home/ispaik/me203/Lab8/lab8_materials/data_Dec7_processed/right/right_000256.png,3,right
/home/ispaik/me203/Lab8/lab8_materials/data_Dec7_processed/right/right_000257.png,3,right
/home/ispaik/me203/Lab8/lab8_materials/data_Dec7_processed/right/right_000258.png,3,right
/home/ispaik/me203/Lab8/lab8_materials/data_Dec7_processed/right/right_000259.png,3,right
/home/ispaik/me203/Lab8/lab8_materials/data_Dec7_processed/right/right_000260.png,3,right
/home/ispaik/me203/Lab8/lab8_materials/data_Dec7_processed/right/right_000261.png,3,right
/home/ispaik/me203/Lab8/lab8_materials/data_Dec7_processed/right/right_000262.png,3,right
/home/ispaik/me203/Lab8/lab8_materials/data_Dec7_processed/right/right_000263.png,3,right
/home/ispaik/me203/Lab8/lab8_materials/data_Dec7_processed/right/right_000264.png,3,right
/home/ispaik/me203/Lab8/lab8_materials/data_Dec7_processed/right/right_000265.png,3,right
/home/ispaik/me203/Lab8/lab8_materials/data_Dec7_processed/right/right_000266.png,3,right
/home/ispaik/me203/Lab8/lab8_materials/data_Dec7_processed/right/right_000267.png,3,right
/home/ispaik/me203/Lab8/lab8_materials/data_Dec7_processed/right/right_000268.png,3,right
/home/ispaik/me203/Lab8/lab8_materials/data_Dec7_processed/right/right_000269.png,3,right
/home/ispaik/me203/Lab8/lab8_materials/data_Dec7_processed/right/right_000270.png,3,right
/home/ispaik/me203/Lab8/lab8_materials/data_Dec7_processed/right/right_000271.png,3,right
/home/ispaik/me203/Lab8/lab8_materials/data_Dec7_processed/right/right_000272.png,3,right
/home/ispaik/me203/Lab8/lab8_materials/data_Dec7_processed/right/right_000273.png,3,right
/home/ispaik/me203/Lab8/lab8_materials/data_Dec7_processed/right/right_000274.png,3,right
/home/ispaik/me203/Lab8/lab8_materials/data_Dec7_processed/right/right_000275.png,3,right
/home/ispaik/me203/Lab8/lab8_materials/data_Dec7_processed/right/right_000276.png,3,right
/home/ispaik/me203/Lab8/lab8_materials/data_Dec7_processed/right/right_000277.png,3,right
/home/ispaik/me203/Lab8/lab8_materials/data_Dec7_processed/right/right_000278.png,3,right
/home/ispaik/me203/Lab8/lab8_materials/data_Dec7_processed/right/right_000279.png,3,right
/home/ispaik/me203/Lab8/lab8_materials/data_Dec7_processed/right/right_000280.png,3,right
/home/ispaik/me203/Lab8/lab8_materials/data_Dec7_processed/right/right_000281.png,3,right
/home/ispaik/me203/Lab8/lab8_materials/data_Dec7_processed/right/right_000282.png,3,right
/home/ispaik/me203/Lab8/lab8_materials/data_Dec7_processed/right/right_000283.png,3,right
/home/ispaik/me203/Lab8/lab8_materials/data_Dec7_processed/right/right_000284.png,3,right
/home/ispaik/me203/Lab8/lab8_materials/data_Dec7_processed/right/right_000285.png,3,right
/home/ispaik/me203/Lab8/lab8_materials/data_Dec7_processed/right/right_000286.png,3,right
/home/ispaik/me203/Lab8/lab8_materials/data_Dec7_processed/right/right_000287.png,3,right
/home/ispaik/me203/Lab8/lab8_materials/data_Dec7_processed/right/right_000288.png,3,right
/home/ispaik/me203/Lab8/lab8_materials/data_Dec7_processed/right/right_000289.png,3,right
/home/ispaik/me203/Lab8/lab8_materials/data_Dec7_processed/right/right_000290.png,3,right
/home/ispaik/me203/Lab8/lab8_materials/data_Dec7_processed/right/right_000291.png,3,right
/home/ispaik/me203/Lab8/lab8_materials/data_Dec7_processed/right/right_000292.png,3,right
/home/ispaik/me203/Lab8/lab8_materials/data_Dec7_processed/right/right_000293.png,3,right
/home/ispaik/me203/Lab8/lab8_materials/data_Dec7_processed/right/right_000294.png,3,right
/home/ispaik/me203/Lab8/lab8_materials/data_Dec7_processed/right/right_000295.png,3,right
/home/ispaik/me203/Lab8/lab8_materials/data_Dec7_processed/right/right_000296.png,3,right
/home/ispaik/me203/Lab8/lab8_materials/data_Dec7_processed/right/right_000297.png,3,right
/home/ispaik/me203/Lab8/lab8_materials/data_Dec7_processed/right/right_000298.png,3,right
/home/ispaik/me203/Lab8/lab8_materials/data_Dec7_processed/right/right_000299.png,3,right
/home/ispaik/me203/Lab8/lab8_materials/data_Dec7_processed/right/right_000300.png,3,right
/home/ispaik/me203/Lab8/lab8_materials/data_Dec7_processed/right/right_000301.png,3,right
/home/ispaik/me203/Lab8/lab8_materials/data_Dec7_processed/right/right_000302.png,3,right
/home/ispaik/me203/Lab8/lab8_materials/data_Dec7_processed/right/right_000303.png,3,right
/home/ispaik/me203/Lab8/lab8_materials/data_Dec7_processed/right/right_000304.png,3,right
/home/ispaik/me203/Lab8/lab8_materials/data_Dec7_processed/right/right_000305.png,3,right
/home/ispaik/me203/Lab8/lab8_materials/data_Dec7_processed/right/right_000306.png,3,right
/home/ispaik/me203/Lab8/lab8_materials/data_Dec7_processed/right/right_000307.png,3,right
/home/ispaik/me203/Lab8/lab8_materials/data_Dec7_processed/right/right_000308.png,3,right
/home/ispaik/me203/Lab8/lab8_materials/data_Dec7_processed/right/right_000309.png,3,right
/home/ispaik/me203/Lab8/lab8_materials/data_Dec7_processed/right/right_000310.png,3,right
/home/ispaik/me203/Lab8/lab8_materials/data_Dec7_processed/right/right_000311.png,3,right
/home/ispaik/me203/Lab8/lab8_materials/data_Dec7_processed/right/right_000312.png,3,right
/home/ispaik/me203/Lab8/lab8_materials/data_Dec7_processed/right/right_000313.png,3,right
/home/ispaik/me203/Lab8/lab8_materials/data_Dec7_processed/right/right_000314.png,3,right
/home/ispaik/me203/Lab8/lab8_materials/data_Dec7_processed/right/right_000315.png,3,right
/home/ispaik/me203/Lab8/lab8_materials/data_Dec7_processed/right/right_000316.png,3,right
/home/ispaik/me203/Lab8/lab8_materials/data_Dec7_processed/right/right_000317.png,3,right
/home/ispaik/me203/Lab8/lab8_materials/data_Dec7_processed/right/right_000318.png,3,right
/home/ispaik/me203/Lab8/lab8_materials/data_Dec7_processed/right/right_000319.png,3,right
/home/ispaik/me203/Lab8/lab8_materials/data_Dec7_processed/right/right_000320.png,3,right
/home/ispaik/me203/Lab8/lab8_materials/data_Dec7_processed/right/right_000321.png,3,right
/home/ispaik/me203/Lab8/lab8_materials/data_Dec7_processed/right/right_000322.png,3,right
/home/ispaik/me203/Lab8/lab8_materials/data_Dec7_processed/right/right_000323.png,3,right
/home/ispaik/me203/Lab8/lab8_materials/data_Dec7_processed/right/right_000324.png,3,right
/home/ispaik/me203/Lab8/lab8_materials/data_Dec7_processed/right/right_000325.png,3,right
/home/ispaik/me203/Lab8/lab8_materials/data_Dec7_processed/right/right_000326.png,3,right
/home/ispaik/me203/Lab8/lab8_materials/data_Dec7_processed/right/right_000327.png,3,right
/home/ispaik/me203/Lab8/lab8_materials/data_Dec7_processed/right/right_000328.png,3,right
/home/ispaik/me203/Lab8/lab8_materials/data_Dec7_processed/right/right_000329.png,3,right
/home/ispaik/me203/Lab8/lab8_materials/data_Dec7_processed/right/right_000330.png,3,right
/home/ispaik/me203/Lab8/lab8_materials/data_Dec7_processed/right/right_000331.png,3,right
/home/ispaik/me203/Lab8/lab8_materials/data_Dec7_processed/right/right_000332.png,3,right
/home/ispaik/me203/Lab8/lab8_materials/data_Dec7_processed/right/right_000333.png,3,right
/home/ispaik/me203/Lab8/lab8_materials/data_Dec7_processed/right/right_000334.png,3,right
/home/ispaik/me203/Lab8/lab8_materials/data_Dec7_processed/right/right_000335.png,3,right
/home/ispaik/me203/Lab8/lab8_materials/data_Dec7_processed/right/right_000336.png,3,right
/home/ispaik/me203/Lab8/lab8_materials/data_Dec7_processed/right/right_000337.png,3,right
/home/ispaik/me203/Lab8/lab8_materials/data_Dec7_processed/right/right_000338.png,3,right
/home/ispaik/me203/Lab8/lab8_materials/data_Dec7_processed/right/right_000339.png,3,right
/home/ispaik/me203/Lab8/lab8_materials/data_Dec7_processed/right/right_000340.png,3,right
/home/ispaik/me203/Lab8/lab8_materials/data_Dec7_processed/right/right_000341.png,3,right
/home/ispaik/me203/Lab8/lab8_materials/data_Dec7_processed/right/right_000342.png,3,right
/home/ispaik/me203/Lab8/lab8_materials/data_Dec7_processed/right/right_000343.png,3,right
/home/ispaik/me203/Lab8/lab8_materials/data_Dec7_processed/right/right_000344.png,3,right
/home/ispaik/me203/Lab8/lab8_materials/data_Dec7_processed/right/right_000345.png,3,right
/home/ispaik/me203/Lab8/lab8_materials/data_Dec7_processed/right/right_000346.png,3,right
/home/ispaik/me203/Lab8/lab8_materials/data_Dec7_processed/right/right_000347.png,3,right
/home/ispaik/me203/Lab8/lab8_materials/data_Dec7_processed/right/right_000348.png,3,right
/home/ispaik/me203/Lab8/lab8_materials/data_Dec7_processed/right/right_000349.png,3,right
/home/ispaik/me203/Lab8/lab8_materials/data_Dec7_processed/right/right_000350.png,3,right
/home/ispaik/me203/Lab8/lab8_materials/data_Dec7_processed/right/right_000351.png,3,right
/home/ispaik/me203/Lab8/lab8_materials/data_Dec7_processed/right/right_000352.png,3,right
/home/ispaik/me203/Lab8/lab8_materials/data_Dec7_processed/right/right_000353.png,3,right
/home/ispaik/me203/Lab8/lab8_materials/data_Dec7_processed/right/right_000354.png,3,right
/home/ispaik/me203/Lab8/lab8_materials/data_Dec7_processed/right/right_000355.png,3,right
/home/ispaik/me203/Lab8/lab8_materials/data_Dec7_processed/right/right_000356.png,3,right
/home/ispaik/me203/Lab8/lab8_materials/data_Dec7_processed/right/right_000357.png,3,right
/home/ispaik/me203/Lab8/lab8_materials/data_Dec7_processed/right/right_000358.png,3,right
/home/ispaik/me203/Lab8/lab8_materials/data_Dec7_processed/right/right_000359.png,3,right
/home/ispaik/me203/Lab8/lab8_materials/data_Dec7_processed/right/right_000360.png,3,right
/home/ispaik/me203/Lab8/lab8_materials/data_Dec7_processed/right/right_000361.png,3,right
/home/ispaik/me203/Lab8/lab8_materials/data_Dec7_processed/right/right_000362.png,3,right
/home/ispaik/me203/Lab8/lab8_materials/data_Dec7_processed/right/right_000363.png,3,right
/home/ispaik/me203/Lab8/lab8_materials/data_Dec7_processed/right/right_000364.png,3,right
/home/ispaik/me203/Lab8/lab8_materials/data_Dec7_processed/right/right_000365.png,3,right
/home/ispaik/me203/Lab8/lab8_materials/data_Dec7_processed/right/right_000366.png,3,right
/home/ispaik/me203/Lab8/lab8_materials/data_Dec7_processed/right/right_000367.png,3,right
/home/ispaik/me203/Lab8/lab8_materials/data_Dec7_processed/right/right_000368.png,3,right
/home/ispaik/me203/Lab8/lab8_materials/data_Dec7_processed/right/right_000369.png,3,right
/home/ispaik/me203/Lab8/lab8_materials/data_Dec7_processed/right/right_000370.png,3,right
/home/ispaik/me203/Lab8/lab8_materials/data_Dec7_processed/right/right_000371.png,3,right
/home/ispaik/me203/Lab8/lab8_materials/data_Dec7_processed/right/right_000372.png,3,right
/home/ispaik/me203/Lab8/lab8_materials/data_Dec7_processed/right/right_000373.png,3,right
/home/ispaik/me203/Lab8/lab8_materials/data_Dec7_processed/right/right_000374.png,3,right
/home/ispaik/me203/Lab8/lab8_materials/data_Dec7_processed/right/right_000375.png,3,right
/home/ispaik/me203/Lab8/lab8_materials/data_Dec7_processed/right/right_000376.png,3,right
/home/ispaik/me203/Lab8/lab8_materials/data_Dec7_processed/right/right_000377.png,3,right
/home/ispaik/me203/Lab8/lab8_materials/data_Dec7_processed/right/right_000378.png,3,right
/home/ispaik/me203/Lab8/lab8_materials/data_Dec7_processed/right/right_000379.png,3,right
/home/ispaik/me203/Lab8/lab8_materials/data_Dec7_processed/right/right_000380.png,3,right
/home/ispaik/me203/Lab8/lab8_materials/data_Dec7_processed/right/right_000381.png,3,right
/home/ispaik/me203/Lab8/lab8_materials/data_Dec7_processed/right/right_000382.png,3,right
/home/ispaik/me203/Lab8/lab8_materials/data_Dec7_processed/right/right_000383.png,3,right
/home/ispaik/me203/Lab8/lab8_materials/data_Dec7_processed/right/right_000384.png,3,right
/home/ispaik/me203/Lab8/lab8_materials/data_Dec7_processed/right/right_000385.png,3,right
/home/ispaik/me203/Lab8/lab8_materials/data_Dec7_processed/right/right_000386.png,3,right
/home/ispaik/me203/Lab8/lab8_materials/data_Dec7_processed/right/right_000387.png,3,right
/home/ispaik/me203/Lab8/lab8_materials/data_Dec7_processed/right/right_000388.png,3,right
/home/ispaik/me203/Lab8/lab8_materials/data_Dec7_processed/right/right_000389.png,3,right
/home/ispaik/me203/Lab8/lab8_materials/data_Dec7_processed/right/right_000390.png,3,right
/home/ispaik/me203/Lab8/lab8_materials/data_Dec7_processed/right/right_000391.png,3,right
/home/ispaik/me203/Lab8/lab8_materials/data_Dec7_processed/right/right_000392.png,3,right
/home/ispaik/me203/Lab8/lab8_materials/data_Dec7_processed/right/right_000393.png,3,right
/home/ispaik/me203/Lab8/lab8_materials/data_Dec7_processed/right/right_000394.png,3,right
/home/ispaik/me203/Lab8/lab8_materials/data_Dec7_processed/right/right_000395.png,3,right
/home/ispaik/me203/Lab8/lab8_materials/data_Dec7_processed/right/right_000396.png,3,right
/home/ispaik/me203/Lab8/lab8_materials/data_Dec7_processed/right/right_000397.png,3,right
/home/ispaik/me203/Lab8/lab8_materials/data_Dec7_processed/right/right_000398.png,3,right
/home/ispaik/me203/Lab8/lab8_materials/data_Dec7_processed/right/right_000399.png,3,right
/home/ispaik/me203/Lab8/lab8_materials/data_Dec7_processed/right/right_000400.png,3,right
/home/ispaik/me203/Lab8/lab8_materials/data_Dec7_processed/right/right_000401.png,3,right
/home/ispaik/me203/Lab8/lab8_materials/data_Dec7_processed/right/right_000402.png,3,right
/home/ispaik/me203/Lab8/lab8_materials/data_Dec7_processed/right/right_000403.png,3,right
/home/ispaik/me203/Lab8/lab8_materials/data_Dec7_processed/right/right_000404.png,3,right
/home/ispaik/me203/Lab8/lab8_materials/data_Dec7_processed/right/right_000405.png,3,right
/home/ispaik/me203/Lab8/lab8_materials/data_Dec7_processed/right/right_000406.png,3,right
/home/ispaik/me203/Lab8/lab8_materials/data_Dec7_processed/right/right_000407.png,3,right
/home/ispaik/me203/Lab8/lab8_materials/data_Dec7_processed/right/right_000408.png,3,right
/home/ispaik/me203/Lab8/lab8_materials/data_Dec7_processed/right/right_000409.png,3,right
/home/ispaik/me203/Lab8/lab8_materials/data_Dec7_processed/right/right_000410.png,3,right
/home/ispaik/me203/Lab8/lab8_materials/data_Dec7_processed/right/right_000411.png,3,right
/home/ispaik/me203/Lab8/lab8_materials/data_Dec7_processed/right_shit/right_shit_000001.png,4,right_shit
/home/ispaik/me203/Lab8/lab8_materials/data_Dec7_processed/right_shit/right_shit_000002.png,4,right_shit
/home/ispaik/me203/Lab8/lab8_materials/data_Dec7_processed/right_shit/right_shit_000003.png,4,right_shit
/home/ispaik/me203/Lab8/lab8_materials/data_Dec7_processed/right_shit/right_shit_000004.png,4,right_shit
/home/ispaik/me203/Lab8/lab8_materials/data_Dec7_processed/right_shit/right_shit_000005.png,4,right_shit
/home/ispaik/me203/Lab8/lab8_materials/data_Dec7_processed/right_shit/right_shit_000006.png,4,right_shit
/home/ispaik/me203/Lab8/lab8_materials/data_Dec7_processed/right_shit/right_shit_000007.png,4,right_shit
/home/ispaik/me203/Lab8/lab8_materials/data_Dec7_processed/right_shit/right_shit_000008.png,4,right_shit
/home/ispaik/me203/Lab8/lab8_materials/data_Dec7_processed/right_shit/right_shit_000009.png,4,right_shit
/home/ispaik/me203/Lab8/lab8_materials/data_Dec7_processed/right_shit/right_shit_000010.png,4,right_shit
/home/ispaik/me203/Lab8/lab8_materials/data_Dec7_processed/right_shit/right_shit_000011.png,4,right_shit
/home/ispaik/me203/Lab8/lab8_materials/data_Dec7_processed/right_shit/right_shit_000012.png,4,right_shit
/home/ispaik/me203/Lab8/lab8_materials/data_Dec7_processed/right_shit/right_shit_000013.png,4,right_shit
/home/ispaik/me203/Lab8/lab8_materials/data_Dec7_processed/right_shit/right_shit_000014.png,4,right_shit
/home/ispaik/me203/Lab8/lab8_materials/data_Dec7_processed/right_shit/right_shit_000015.png,4,right_shit
/home/ispaik/me203/Lab8/lab8_materials/data_Dec7_processed/right_shit/right_shit_000016.png,4,right_shit
/home/ispaik/me203/Lab8/lab8_materials/data_Dec7_processed/right_shit/right_shit_000017.png,4,right_shit
/home/ispaik/me203/Lab8/lab8_materials/data_Dec7_processed/right_shit/right_shit_000018.png,4,right_shit
/home/ispaik/me203/Lab8/lab8_materials/data_Dec7_processed/right_shit/right_shit_000019.png,4,right_shit
/home/ispaik/me203/Lab8/lab8_materials/data_Dec7_processed/right_shit/right_shit_000020.png,4,right_shit
/home/ispaik/me203/Lab8/lab8_materials/data_Dec7_processed/right_shit/right_shit_000021.png,4,right_shit
/home/ispaik/me203/Lab8/lab8_materials/data_Dec7_processed/right_shit/right_shit_000022.png,4,right_shit
/home/ispaik/me203/Lab8/lab8_materials/data_Dec7_processed/right_shit/right_shit_000023.png,4,right_shit
/home/ispaik/me203/Lab8/lab8_materials/data_Dec7_processed/right_shit/right_shit_000024.png,4,right_shit
/home/ispaik/me203/Lab8/lab8_materials/data_Dec7_processed/right_shit/right_shit_000025.png,4,right_shit
/home/ispaik/me203/Lab8/lab8_materials/data_Dec7_processed/right_shit/right_shit_000026.png,4,right_shit
/home/ispaik/me203/Lab8/lab8_materials/data_Dec7_processed/right_shit/right_shit_000027.png,4,right_shit
/home/ispaik/me203/Lab8/lab8_materials/data_Dec7_processed/right_shit/right_shit_000028.png,4,right_shit
/home/ispaik/me203/Lab8/lab8_materials/data_Dec7_processed/right_shit/right_shit_000029.png,4,right_shit
/home/ispaik/me203/Lab8/lab8_materials/data_Dec7_processed/right_shit/right_shit_000030.png,4,right_shit
/home/ispaik/me203/Lab8/lab8_materials/data_Dec7_processed/right_shit/right_shit_000031.png,4,right_shit
/home/ispaik/me203/Lab8/lab8_materials/data_Dec7_processed/right_shit/right_shit_000032.png,4,right_shit
/home/ispaik/me203/Lab8/lab8_materials/data_Dec7_processed/right_shit/right_shit_000033.png,4,right_shit
/home/ispaik/me203/Lab8/lab8_materials/data_Dec7_processed/right_shit/right_shit_000034.png,4,right_shit
/home/ispaik/me203/Lab8/lab8_materials/data_Dec7_processed/right_shit/right_shit_000035.png,4,right_shit
/home/ispaik/me203/Lab8/lab8_materials/data_Dec7_processed/right_shit/right_shit_000036.png,4,right_shit
/home/ispaik/me203/Lab8/lab8_materials/data_Dec7_processed/right_shit/right_shit_000037.png,4,right_shit
/home/ispaik/me203/Lab8/lab8_materials/data_Dec7_processed/right_shit/right_shit_000038.png,4,right_shit
/home/ispaik/me203/Lab8/lab8_materials/data_Dec7_processed/right_shit/right_shit_000039.png,4,right_shit
/home/ispaik/me203/Lab8/lab8_materials/data_Dec7_processed/right_shit/right_shit_000040.png,4,right_shit
/home/ispaik/me203/Lab8/lab8_materials/data_Dec7_processed/right_shit/right_shit_000041.png,4,right_shit
/home/ispaik/me203/Lab8/lab8_materials/data_Dec7_processed/right_shit/right_shit_000042.png,4,right_shit
/home/ispaik/me203/Lab8/lab8_materials/data_Dec7_processed/right_shit/right_shit_000043.png,4,right_shit
/home/ispaik/me203/Lab8/lab8_materials/data_Dec7_processed/right_shit/right_shit_000044.png,4,right_shit
/home/ispaik/me203/Lab8/lab8_materials/data_Dec7_processed/right_shit/right_shit_000045.png,4,right_shit
/home/ispaik/me203/Lab8/lab8_materials/data_Dec7_processed/right_shit/right_shit_000046.png,4,right_shit
/home/ispaik/me203/Lab8/lab8_materials/data_Dec7_processed/right_shit/right_shit_000047.png,4,right_shit
/home/ispaik/me203/Lab8/lab8_materials/data_Dec7_processed/right_shit/right_shit_000048.png,4,right_shit
/home/ispaik/me203/Lab8/lab8_materials/data_Dec7_processed/right_shit/right_shit_000049.png,4,right_shit
/home/ispaik/me203/Lab8/lab8_materials/data_Dec7_processed/right_shit/right_shit_000050.png,4,right_shit
/home/ispaik/me203/Lab8/lab8_materials/data_Dec7_processed/right_shit/right_shit_000051.png,4,right_shit
/home/ispaik/me203/Lab8/lab8_materials/data_Dec7_processed/right_shit/right_shit_000052.png,4,right_shit
/home/ispaik/me203/Lab8/lab8_materials/data_Dec7_processed/straight/straight_000001.png,5,straight
/home/ispaik/me203/Lab8/lab8_materials/data_Dec7_processed/straight/straight_000002.png,5,straight
/home/ispaik/me203/Lab8/lab8_materials/data_Dec7_processed/straight/straight_000003.png,5,straight
/home/ispaik/me203/Lab8/lab8_materials/data_Dec7_processed/straight/straight_000004.png,5,straight
/home/ispaik/me203/Lab8/lab8_materials/data_Dec7_processed/straight/straight_000005.png,5,straight
/home/ispaik/me203/Lab8/lab8_materials/data_Dec7_processed/straight/straight_000006.png,5,straight
/home/ispaik/me203/Lab8/lab8_materials/data_Dec7_processed/straight/straight_000007.png,5,straight
/home/ispaik/me203/Lab8/lab8_materials/data_Dec7_processed/straight/straight_000008.png,5,straight
/home/ispaik/me203/Lab8/lab8_materials/data_Dec7_processed/straight/straight_000009.png,5,straight
/home/ispaik/me203/Lab8/lab8_materials/data_Dec7_processed/straight/straight_000010.png,5,straight
/home/ispaik/me203/Lab8/lab8_materials/data_Dec7_processed/straight/straight_000011.png,5,straight
/home/ispaik/me203/Lab8/lab8_materials/data_Dec7_processed/straight/straight_000012.png,5,straight
/home/ispaik/me203/Lab8/lab8_materials/data_Dec7_processed/straight/straight_000013.png,5,straight
/home/ispaik/me203/Lab8/lab8_materials/data_Dec7_processed/straight/straight_000014.png,5,straight
/home/ispaik/me203/Lab8/lab8_materials/data_Dec7_processed/straight/straight_000015.png,5,straight
/home/ispaik/me203/Lab8/lab8_materials/data_Dec7_processed/straight/straight_000016.png,5,straight
/home/ispaik/me203/Lab8/lab8_materials/data_Dec7_processed/straight/straight_000017.png,5,straight
/home/ispaik/me203/Lab8/lab8_materials/data_Dec7_processed/straight/straight_000018.png,5,straight
/home/ispaik/me203/Lab8/lab8_materials/data_Dec7_processed/straight/straight_000019.png,5,straight
/home/ispaik/me203/Lab8/lab8_materials/data_Dec7_processed/straight/straight_000020.png,5,straight
/home/ispaik/me203/Lab8/lab8_materials/data_Dec7_processed/straight/straight_000021.png,5,straight
/home/ispaik/me203/Lab8/lab8_materials/data_Dec7_processed/straight/straight_000022.png,5,straight
/home/ispaik/me203/Lab8/lab8_materials/data_Dec7_processed/straight/straight_000023.png,5,straight
/home/ispaik/me203/Lab8/lab8_materials/data_Dec7_processed/straight/straight_000024.png,5,straight
/home/ispaik/me203/Lab8/lab8_materials/data_Dec7_processed/straight/straight_000025.png,5,straight
/home/ispaik/me203/Lab8/lab8_materials/data_Dec7_processed/straight/straight_000026.png,5,straight
/home/ispaik/me203/Lab8/lab8_materials/data_Dec7_processed/straight/straight_000027.png,5,straight
/home/ispaik/me203/Lab8/lab8_materials/data_Dec7_processed/straight/straight_000028.png,5,straight
/home/ispaik/me203/Lab8/lab8_materials/data_Dec7_processed/straight/straight_000029.png,5,straight
/home/ispaik/me203/Lab8/lab8_materials/data_Dec7_processed/straight/straight_000030.png,5,straight
/home/ispaik/me203/Lab8/lab8_materials/data_Dec7_processed/straight/straight_000031.png,5,straight
/home/ispaik/me203/Lab8/lab8_materials/data_Dec7_processed/straight/straight_000032.png,5,straight
/home/ispaik/me203/Lab8/lab8_materials/data_Dec7_processed/straight/straight_000033.png,5,straight
/home/ispaik/me203/Lab8/lab8_materials/data_Dec7_processed/straight/straight_000034.png,5,straight
/home/ispaik/me203/Lab8/lab8_materials/data_Dec7_processed/straight/straight_000035.png,5,straight
/home/ispaik/me203/Lab8/lab8_materials/data_Dec7_processed/straight/straight_000036.png,5,straight
/home/ispaik/me203/Lab8/lab8_materials/data_Dec7_processed/straight/straight_000037.png,5,straight
/home/ispaik/me203/Lab8/lab8_materials/data_Dec7_processed/straight/straight_000038.png,5,straight
/home/ispaik/me203/Lab8/lab8_materials/data_Dec7_processed/straight/straight_000039.png,5,straight
/home/ispaik/me203/Lab8/lab8_materials/data_Dec7_processed/straight/straight_000040.png,5,straight
/home/ispaik/me203/Lab8/lab8_materials/data_Dec7_processed/straight/straight_000041.png,5,straight
/home/ispaik/me203/Lab8/lab8_materials/data_Dec7_processed/straight/straight_000042.png,5,straight
/home/ispaik/me203/Lab8/lab8_materials/data_Dec7_processed/straight/straight_000043.png,5,straight
/home/ispaik/me203/Lab8/lab8_materials/data_Dec7_processed/straight/straight_000044.png,5,straight
/home/ispaik/me203/Lab8/lab8_materials/data_Dec7_processed/straight/straight_000045.png,5,straight
/home/ispaik/me203/Lab8/lab8_materials/data_Dec7_processed/straight/straight_000046.png,5,straight
/home/ispaik/me203/Lab8/lab8_materials/data_Dec7_processed/straight/straight_000047.png,5,straight
/home/ispaik/me203/Lab8/lab8_materials/data_Dec7_processed/straight/straight_000048.png,5,straight
/home/ispaik/me203/Lab8/lab8_materials/data_Dec7_processed/straight/straight_000049.png,5,straight
/home/ispaik/me203/Lab8/lab8_materials/data_Dec7_processed/straight/straight_000050.png,5,straight
/home/ispaik/me203/Lab8/lab8_materials/data_Dec7_processed/straight/straight_000051.png,5,straight
/home/ispaik/me203/Lab8/lab8_materials/data_Dec7_processed/straight/straight_000052.png,5,straight
/home/ispaik/me203/Lab8/lab8_materials/data_Dec7_processed/straight/straight_000053.png,5,straight
/home/ispaik/me203/Lab8/lab8_materials/data_Dec7_processed/straight/straight_000054.png,5,straight
/home/ispaik/me203/Lab8/lab8_materials/data_Dec7_processed/straight/straight_000055.png,5,straight
/home/ispaik/me203/Lab8/lab8_materials/data_Dec7_processed/straight/straight_000056.png,5,straight
/home/ispaik/me203/Lab8/lab8_materials/data_Dec7_processed/straight/straight_000057.png,5,straight
/home/ispaik/me203/Lab8/lab8_materials/data_Dec7_processed/straight/straight_000058.png,5,straight
/home/ispaik/me203/Lab8/lab8_materials/data_Dec7_processed/straight/straight_000059.png,5,straight
/home/ispaik/me203/Lab8/lab8_materials/data_Dec7_processed/straight/straight_000060.png,5,straight
/home/ispaik/me203/Lab8/lab8_materials/data_Dec7_processed/straight/straight_000061.png,5,straight
/home/ispaik/me203/Lab8/lab8_materials/data_Dec7_processed/straight/straight_000062.png,5,straight
/home/ispaik/me203/Lab8/lab8_materials/data_Dec7_processed/straight/straight_000063.png,5,straight
/home/ispaik/me203/Lab8/lab8_materials/data_Dec7_processed/straight/straight_000064.png,5,straight
/home/ispaik/me203/Lab8/lab8_materials/data_Dec7_processed/straight/straight_000065.png,5,straight
/home/ispaik/me203/Lab8/lab8_materials/data_Dec7_processed/straight/straight_000066.png,5,straight
/home/ispaik/me203/Lab8/lab8_materials/data_Dec7_processed/straight/straight_000067.png,5,straight
/home/ispaik/me203/Lab8/lab8_materials/data_Dec7_processed/straight/straight_000068.png,5,straight
/home/ispaik/me203/Lab8/lab8_materials/data_Dec7_processed/straight/straight_000069.png,5,straight
/home/ispaik/me203/Lab8/lab8_materials/data_Dec7_processed/straight/straight_000070.png,5,straight
/home/ispaik/me203/Lab8/lab8_materials/data_Dec7_processed/straight/straight_000071.png,5,straight
/home/ispaik/me203/Lab8/lab8_materials/data_Dec7_processed/straight/straight_000072.png,5,straight
/home/ispaik/me203/Lab8/lab8_materials/data_Dec7_processed/straight/straight_000073.png,5,straight
/home/ispaik/me203/Lab8/lab8_materials/data_Dec7_processed/straight/straight_000074.png,5,straight
/home/ispaik/me203/Lab8/lab8_materials/data_Dec7_processed/straight/straight_000075.png,5,straight
/home/ispaik/me203/Lab8/lab8_materials/data_Dec7_processed/straight/straight_000076.png,5,straight
/home/ispaik/me203/Lab8/lab8_materials/data_Dec7_processed/straight/straight_000077.png,5,straight
/home/ispaik/me203/Lab8/lab8_materials/data_Dec7_processed/straight/straight_000078.png,5,straight
/home/ispaik/me203/Lab8/lab8_materials/data_Dec7_processed/straight/straight_000079.png,5,straight
/home/ispaik/me203/Lab8/lab8_materials/data_Dec7_processed/straight/straight_000080.png,5,straight
/home/ispaik/me203/Lab8/lab8_materials/data_Dec7_processed/straight/straight_000081.png,5,straight
/home/ispaik/me203/Lab8/lab8_materials/data_Dec7_processed/straight/straight_000082.png,5,straight
/home/ispaik/me203/Lab8/lab8_materials/data_Dec7_processed/straight/straight_000083.png,5,straight
/home/ispaik/me203/Lab8/lab8_materials/data_Dec7_processed/straight/straight_000084.png,5,straight
/home/ispaik/me203/Lab8/lab8_materials/data_Dec7_processed/straight/straight_000085.png,5,straight
/home/ispaik/me203/Lab8/lab8_materials/data_Dec7_processed/straight/straight_000086.png,5,straight
/home/ispaik/me203/Lab8/lab8_materials/data_Dec7_processed/straight/straight_000087.png,5,straight
/home/ispaik/me203/Lab8/lab8_materials/data_Dec7_processed/straight/straight_000088.png,5,straight
/home/ispaik/me203/Lab8/lab8_materials/data_Dec7_processed/straight/straight_000089.png,5,straight
/home/ispaik/me203/Lab8/lab8_materials/data_Dec7_processed/straight/straight_000090.png,5,straight
/home/ispaik/me203/Lab8/lab8_materials/data_Dec7_processed/straight/straight_000091.png,5,straight
/home/ispaik/me203/Lab8/lab8_materials/data_Dec7_processed/straight/straight_000092.png,5,straight
/home/ispaik/me203/Lab8/lab8_materials/data_Dec7_processed/straight/straight_000093.png,5,straight
/home/ispaik/me203/Lab8/lab8_materials/data_Dec7_processed/straight/straight_000094.png,5,straight
/home/ispaik/me203/Lab8/lab8_materials/data_Dec7_processed/straight/straight_000095.png,5,straight
/home/ispaik/me203/Lab8/lab8_materials/data_Dec7_processed/straight/straight_000096.png,5,straight
/home/ispaik/me203/Lab8/lab8_materials/data_Dec7_processed/straight/straight_000097.png,5,straight
/home/ispaik/me203/Lab8/lab8_materials/data_Dec7_processed/straight/straight_000098.png,5,straight
/home/ispaik/me203/Lab8/lab8_materials/data_Dec7_processed/straight/straight_000099.png,5,straight
/home/ispaik/me203/Lab8/lab8_materials/data_Dec7_processed/straight/straight_000100.png,5,straight
/home/ispaik/me203/Lab8/lab8_materials/data_Dec7_processed/straight/straight_000101.png,5,straight
/home/ispaik/me203/Lab8/lab8_materials/data_Dec7_processed/straight/straight_000102.png,5,straight
/home/ispaik/me203/Lab8/lab8_materials/data_Dec7_processed/straight/straight_000103.png,5,straight
/home/ispaik/me203/Lab8/lab8_materials/data_Dec7_processed/straight/straight_000104.png,5,straight
/home/ispaik/me203/Lab8/lab8_materials/data_Dec7_processed/straight/straight_000105.png,5,straight
/home/ispaik/me203/Lab8/lab8_materials/data_Dec7_processed/straight/straight_000106.png,5,straight
/home/ispaik/me203/Lab8/lab8_materials/data_Dec7_processed/straight/straight_000107.png,5,straight
/home/ispaik/me203/Lab8/lab8_materials/data_Dec7_processed/straight/straight_000108.png,5,straight
/home/ispaik/me203/Lab8/lab8_materials/data_Dec7_processed/straight/straight_000109.png,5,straight
/home/ispaik/me203/Lab8/lab8_materials/data_Dec7_processed/straight/straight_000110.png,5,straight
/home/ispaik/me203/Lab8/lab8_materials/data_Dec7_processed/straight/straight_000111.png,5,straight
/home/ispaik/me203/Lab8/lab8_materials/data_Dec7_processed/straight/straight_000112.png,5,straight
/home/ispaik/me203/Lab8/lab8_materials/data_Dec7_processed/straight/straight_000113.png,5,straight
/home/ispaik/me203/Lab8/lab8_materials/data_Dec7_processed/straight/straight_000114.png,5,straight
/home/ispaik/me203/Lab8/lab8_materials/data_Dec7_processed/straight/straight_000115.png,5,straight
/home/ispaik/me203/Lab8/lab8_materials/data_Dec7_processed/straight/straight_000116.png,5,straight
/home/ispaik/me203/Lab8/lab8_materials/data_Dec7_processed/straight/straight_000117.png,5,straight
/home/ispaik/me203/Lab8/lab8_materials/data_Dec7_processed/straight/straight_000118.png,5,straight
/home/ispaik/me203/Lab8/lab8_materials/data_Dec7_processed/straight/straight_000119.png,5,straight
/home/ispaik/me203/Lab8/lab8_materials/data_Dec7_processed/straight/straight_000120.png,5,straight
/home/ispaik/me203/Lab8/lab8_materials/data_Dec7_processed/straight/straight_000121.png,5,straight
/home/ispaik/me203/Lab8/lab8_materials/data_Dec7_processed/straight/straight_000122.png,5,straight
/home/ispaik/me203/Lab8/lab8_materials/data_Dec7_processed/straight/straight_000123.png,5,straight
/home/ispaik/me203/Lab8/lab8_materials/data_Dec7_processed/straight/straight_000124.png,5,straight
/home/ispaik/me203/Lab8/lab8_materials/data_Dec7_processed/straight/straight_000125.png,5,straight
/home/ispaik/me203/Lab8/lab8_materials/data_Dec7_processed/straight/straight_000126.png,5,straight
/home/ispaik/me203/Lab8/lab8_materials/data_Dec7_processed/straight/straight_000127.png,5,straight
/home/ispaik/me203/Lab8/lab8_materials/data_Dec7_processed/straight/straight_000128.png,5,straight
/home/ispaik/me203/Lab8/lab8_materials/data_Dec7_processed/straight/straight_000129.png,5,straight
/home/ispaik/me203/Lab8/lab8_materials/data_Dec7_processed/straight/straight_000130.png,5,straight
/home/ispaik/me203/Lab8/lab8_materials/data_Dec7_processed/straight/straight_000131.png,5,straight
/home/ispaik/me203/Lab8/lab8_materials/data_Dec7_processed/straight/straight_000132.png,5,straight
/home/ispaik/me203/Lab8/lab8_materials/data_Dec7_processed/straight/straight_000133.png,5,straight
/home/ispaik/me203/Lab8/lab8_materials/data_Dec7_processed/straight/straight_000134.png,5,straight
/home/ispaik/me203/Lab8/lab8_materials/data_Dec7_processed/straight/straight_000135.png,5,straight
/home/ispaik/me203/Lab8/lab8_materials/data_Dec7_processed/straight/straight_000136.png,5,straight
/home/ispaik/me203/Lab8/lab8_materials/data_Dec7_processed/straight/straight_000137.png,5,straight
/home/ispaik/me203/Lab8/lab8_materials/data_Dec7_processed/straight/straight_000138.png,5,straight
/home/ispaik/me203/Lab8/lab8_materials/data_Dec7_processed/straight/straight_000139.png,5,straight
/home/ispaik/me203/Lab8/lab8_materials/data_Dec7_processed/straight/straight_000140.png,5,straight
/home/ispaik/me203/Lab8/lab8_materials/data_Dec7_processed/straight/straight_000141.png,5,straight
/home/ispaik/me203/Lab8/lab8_materials/data_Dec7_processed/straight/straight_000142.png,5,straight
/home/ispaik/me203/Lab8/lab8_materials/data_Dec7_processed/straight/straight_000143.png,5,straight
/home/ispaik/me203/Lab8/lab8_materials/data_Dec7_processed/straight/straight_000144.png,5,straight
/home/ispaik/me203/Lab8/lab8_materials/data_Dec7_processed/straight/straight_000145.png,5,straight
/home/ispaik/me203/Lab8/lab8_materials/data_Dec7_processed/straight/straight_000146.png,5,straight
/home/ispaik/me203/Lab8/lab8_materials/data_Dec7_processed/straight/straight_000147.png,5,straight
/home/ispaik/me203/Lab8/lab8_materials/data_Dec7_processed/straight/straight_000148.png,5,straight
/home/ispaik/me203/Lab8/lab8_materials/data_Dec7_processed/straight/straight_000149.png,5,straight
/home/ispaik/me203/Lab8/lab8_materials/data_Dec7_processed/straight/straight_000150.png,5,straight
/home/ispaik/me203/Lab8/lab8_materials/data_Dec7_processed/straight/straight_000151.png,5,straight
/home/ispaik/me203/Lab8/lab8_materials/data_Dec7_processed/straight/straight_000152.png,5,straight
/home/ispaik/me203/Lab8/lab8_materials/data_Dec7_processed/straight/straight_000153.png,5,straight
/home/ispaik/me203/Lab8/lab8_materials/data_Dec7_processed/straight/straight_000154.png,5,straight
/home/ispaik/me203/Lab8/lab8_materials/data_Dec7_processed/straight/straight_000155.png,5,straight
/home/ispaik/me203/Lab8/lab8_materials/data_Dec7_processed/straight/straight_000156.png,5,straight
/home/ispaik/me203/Lab8/lab8_materials/data_Dec7_processed/straight/straight_000157.png,5,straight
/home/ispaik/me203/Lab8/lab8_materials/data_Dec7_processed/straight/straight_000158.png,5,straight
/home/ispaik/me203/Lab8/lab8_materials/data_Dec7_processed/straight/straight_000159.png,5,straight
/home/ispaik/me203/Lab8/lab8_materials/data_Dec7_processed/straight/straight_000160.png,5,straight
/home/ispaik/me203/Lab8/lab8_materials/data_Dec7_processed/straight/straight_000161.png,5,straight
/home/ispaik/me203/Lab8/lab8_materials/data_Dec7_processed/straight/straight_000162.png,5,straight
/home/ispaik/me203/Lab8/lab8_materials/data_Dec7_processed/straight/straight_000163.png,5,straight
/home/ispaik/me203/Lab8/lab8_materials/data_Dec7_processed/straight/straight_000164.png,5,straight
/home/ispaik/me203/Lab8/lab8_materials/data_Dec7_processed/straight/straight_000165.png,5,straight
/home/ispaik/me203/Lab8/lab8_materials/data_Dec7_processed/straight/straight_000166.png,5,straight
/home/ispaik/me203/Lab8/lab8_materials/data_Dec7_processed/straight/straight_000167.png,5,straight
/home/ispaik/me203/Lab8/lab8_materials/data_Dec7_processed/straight/straight_000168.png,5,straight
/home/ispaik/me203/Lab8/lab8_materials/data_Dec7_processed/straight/straight_000169.png,5,straight
/home/ispaik/me203/Lab8/lab8_materials/data_Dec7_processed/straight/straight_000170.png,5,straight
/home/ispaik/me203/Lab8/lab8_materials/data_Dec7_processed/straight/straight_000171.png,5,straight
/home/ispaik/me203/Lab8/lab8_materials/data_Dec7_processed/straight/straight_000172.png,5,straight
/home/ispaik/me203/Lab8/lab8_materials/data_Dec7_processed/straight/straight_000173.png,5,straight
/home/ispaik/me203/Lab8/lab8_materials/data_Dec7_processed/straight/straight_000174.png,5,straight
/home/ispaik/me203/Lab8/lab8_materials/data_Dec7_processed/straight/straight_000175.png,5,straight
/home/ispaik/me203/Lab8/lab8_materials/data_Dec7_processed/straight/straight_000176.png,5,straight
/home/ispaik/me203/Lab8/lab8_materials/data_Dec7_processed/straight/straight_000177.png,5,straight
/home/ispaik/me203/Lab8/lab8_materials/data_Dec7_processed/straight/straight_000178.png,5,straight
/home/ispaik/me203/Lab8/lab8_materials/data_Dec7_processed/straight/straight_000179.png,5,straight
/home/ispaik/me203/Lab8/lab8_materials/data_Dec7_processed/straight/straight_000180.png,5,straight
/home/ispaik/me203/Lab8/lab8_materials/data_Dec7_processed/straight/straight_000181.png,5,straight
/home/ispaik/me203/Lab8/lab8_materials/data_Dec7_processed/straight/straight_000182.png,5,straight
/home/ispaik/me203/Lab8/lab8_materials/data_Dec7_processed/straight/straight_000183.png,5,straight
/home/ispaik/me203/Lab8/lab8_materials/data_Dec7_processed/straight/straight_000184.png,5,straight
/home/ispaik/me203/Lab8/lab8_materials/data_Dec7_processed/straight/straight_000185.png,5,straight
/home/ispaik/me203/Lab8/lab8_materials/data_Dec7_processed/straight/straight_000186.png,5,straight
/home/ispaik/me203/Lab8/lab8_materials/data_Dec7_processed/straight/straight_000187.png,5,straight
/home/ispaik/me203/Lab8/lab8_materials/data_Dec7_processed/straight/straight_000188.png,5,straight
/home/ispaik/me203/Lab8/lab8_materials/data_Dec7_processed/straight/straight_000189.png,5,straight
/home/ispaik/me203/Lab8/lab8_materials/data_Dec7_processed/straight/straight_000190.png,5,straight
/home/ispaik/me203/Lab8/lab8_materials/data_Dec7_processed/straight/straight_000191.png,5,straight
/home/ispaik/me203/Lab8/lab8_materials/data_Dec7_processed/straight/straight_000192.png,5,straight
/home/ispaik/me203/Lab8/lab8_materials/data_Dec7_processed/straight/straight_000193.png,5,straight
/home/ispaik/me203/Lab8/lab8_materials/data_Dec7_processed/straight/straight_000194.png,5,straight
/home/ispaik/me203/Lab8/lab8_materials/data_Dec7_processed/straight/straight_000195.png,5,straight
/home/ispaik/me203/Lab8/lab8_materials/data_Dec7_processed/straight/straight_000196.png,5,straight
/home/ispaik/me203/Lab8/lab8_materials/data_Dec7_processed/straight/straight_000197.png,5,straight
/home/ispaik/me203/Lab8/lab8_materials/data_Dec7_processed/straight/straight_000198.png,5,straight
/home/ispaik/me203/Lab8/lab8_materials/data_Dec7_processed/straight/straight_000199.png,5,straight
/home/ispaik/me203/Lab8/lab8_materials/data_Dec7_processed/straight/straight_000200.png,5,straight
/home/ispaik/me203/Lab8/lab8_materials/data_Dec7_processed/straight/straight_000201.png,5,straight
/home/ispaik/me203/Lab8/lab8_materials/data_Dec7_processed/straight/straight_000202.png,5,straight
/home/ispaik/me203/Lab8/lab8_materials/data_Dec7_processed/straight/straight_000203.png,5,straight
/home/ispaik/me203/Lab8/lab8_materials/data_Dec7_processed/straight/straight_000204.png,5,straight
/home/ispaik/me203/Lab8/lab8_materials/data_Dec7_processed/straight/straight_000205.png,5,straight
/home/ispaik/me203/Lab8/lab8_materials/data_Dec7_processed/straight/straight_000206.png,5,straight
/home/ispaik/me203/Lab8/lab8_materials/data_Dec7_processed/straight/straight_000207.png,5,straight
/home/ispaik/me203/Lab8/lab8_materials/data_Dec7_processed/straight/straight_000208.png,5,straight
/home/ispaik/me203/Lab8/lab8_materials/data_Dec7_processed/straight/straight_000209.png,5,straight
/home/ispaik/me203/Lab8/lab8_materials/data_Dec7_processed/straight/straight_000210.png,5,straight
/home/ispaik/me203/Lab8/lab8_materials/data_Dec7_processed/straight/straight_000211.png,5,straight
/home/ispaik/me203/Lab8/lab8_materials/data_Dec7_processed/straight/straight_000212.png,5,straight
/home/ispaik/me203/Lab8/lab8_materials/data_Dec7_processed/straight/straight_000213.png,5,straight
/home/ispaik/me203/Lab8/lab8_materials/data_Dec7_processed/straight/straight_000214.png,5,straight
/home/ispaik/me203/Lab8/lab8_materials/data_Dec7_processed/straight/straight_000215.png,5,straight
/home/ispaik/me203/Lab8/lab8_materials/data_Dec7_processed/straight/straight_000216.png,5,straight
/home/ispaik/me203/Lab8/lab8_materials/data_Dec7_processed/straight/straight_000217.png,5,straight
/home/ispaik/me203/Lab8/lab8_materials/data_Dec7_processed/straight/straight_000218.png,5,straight
/home/ispaik/me203/Lab8/lab8_materials/data_Dec7_processed/straight/straight_000219.png,5,straight
/home/ispaik/me203/Lab8/lab8_materials/data_Dec7_processed/straight/straight_000220.png,5,straight
/home/ispaik/me203/Lab8/lab8_materials/data_Dec7_processed/straight/straight_000221.png,5,straight
/home/ispaik/me203/Lab8/lab8_materials/data_Dec7_processed/straight/straight_000222.png,5,straight
/home/ispaik/me203/Lab8/lab8_materials/data_Dec7_processed/straight/straight_000223.png,5,straight
/home/ispaik/me203/Lab8/lab8_materials/data_Dec7_processed/straight/straight_000224.png,5,straight
/home/ispaik/me203/Lab8/lab8_materials/data_Dec7_processed/straight/straight_000225.png,5,straight
/home/ispaik/me203/Lab8/lab8_materials/data_Dec7_processed/straight/straight_000226.png,5,straight
/home/ispaik/me203/Lab8/lab8_materials/data_Dec7_processed/straight/straight_000227.png,5,straight
/home/ispaik/me203/Lab8/lab8_materials/data_Dec7_processed/straight/straight_000228.png,5,straight
/home/ispaik/me203/Lab8/lab8_materials/data_Dec7_processed/straight/straight_000229.png,5,straight
/home/ispaik/me203/Lab8/lab8_materials/data_Dec7_processed/straight/straight_000230.png,5,straight
/home/ispaik/me203/Lab8/lab8_materials/data_Dec7_processed/straight/straight_000231.png,5,straight
/home/ispaik/me203/Lab8/lab8_materials/data_Dec7_processed/straight/straight_000232.png,5,straight
/home/ispaik/me203/Lab8/lab8_materials/data_Dec7_processed/straight/straight_000233.png,5,straight
/home/ispaik/me203/Lab8/lab8_materials/data_Dec7_processed/straight/straight_000234.png,5,straight
/home/ispaik/me203/Lab8/lab8_materials/data_Dec7_processed/straight/straight_000235.png,5,straight
/home/ispaik/me203/Lab8/lab8_materials/data_Dec7_processed/straight/straight_000236.png,5,straight
/home/ispaik/me203/Lab8/lab8_materials/data_Dec7_processed/straight/straight_000237.png,5,straight
/home/ispaik/me203/Lab8/lab8_materials/data_Dec7_processed/straight/straight_000238.png,5,straight
/home/ispaik/me203/Lab8/lab8_materials/data_Dec7_processed/straight/straight_000239.png,5,straight
/home/ispaik/me203/Lab8/lab8_materials/data_Dec7_processed/straight/straight_000240.png,5,straight
/home/ispaik/me203/Lab8/lab8_materials/data_Dec7_processed/straight/straight_000241.png,5,straight
/home/ispaik/me203/Lab8/lab8_materials/data_Dec7_processed/straight/straight_000242.png,5,straight
/home/ispaik/me203/Lab8/lab8_materials/data_Dec7_processed/straight/straight_000243.png,5,straight
/home/ispaik/me203/Lab8/lab8_materials/data_Dec7_processed/straight/straight_000244.png,5,straight
/home/ispaik/me203/Lab8/lab8_materials/data_Dec7_processed/straight/straight_000245.png,5,straight
/home/ispaik/me203/Lab8/lab8_materials/data_Dec7_processed/straight/straight_000246.png,5,straight
/home/ispaik/me203/Lab8/lab8_materials/data_Dec7_processed/straight/straight_000247.png,5,straight
/home/ispaik/me203/Lab8/lab8_materials/data_Dec7_processed/straight/straight_000248.png,5,straight
/home/ispaik/me203/Lab8/lab8_materials/data_Dec7_processed/straight/straight_000249.png,5,straight
/home/ispaik/me203/Lab8/lab8_materials/data_Dec7_processed/straight/straight_000250.png,5,straight
/home/ispaik/me203/Lab8/lab8_materials/data_Dec7_processed/straight/straight_000251.png,5,straight
/home/ispaik/me203/Lab8/lab8_materials/data_Dec7_processed/straight/straight_000252.png,5,straight
/home/ispaik/me203/Lab8/lab8_materials/data_Dec7_processed/straight/straight_000253.png,5,straight
/home/ispaik/me203/Lab8/lab8_materials/data_Dec7_processed/straight/straight_000254.png,5,straight
/home/ispaik/me203/Lab8/lab8_materials/data_Dec7_processed/straight/straight_000255.png,5,straight
/home/ispaik/me203/Lab8/lab8_materials/data_Dec7_processed/straight/straight_000256.png,5,straight
/home/ispaik/me203/Lab8/lab8_materials/data_Dec7_processed/straight/straight_000257.png,5,straight
/home/ispaik/me203/Lab8/lab8_materials/data_Dec7_processed/straight/straight_000258.png,5,straight
/home/ispaik/me203/Lab8/lab8_materials/data_Dec7_processed/straight/straight_000259.png,5,straight
/home/ispaik/me203/Lab8/lab8_materials/data_Dec7_processed/straight/straight_000260.png,5,straight
/home/ispaik/me203/Lab8/lab8_materials/data_Dec7_processed/straight/straight_000261.png,5,straight
/home/ispaik/me203/Lab8/lab8_materials/data_Dec7_processed/straight/straight_000262.png,5,straight
/home/ispaik/me203/Lab8/lab8_materials/data_Dec7_processed/straight/straight_000263.png,5,straight
/home/ispaik/me203/Lab8/lab8_materials/data_Dec7_processed/straight/straight_000264.png,5,straight
/home/ispaik/me203/Lab8/lab8_materials/data_Dec7_processed/straight/straight_000265.png,5,straight
/home/ispaik/me203/Lab8/lab8_materials/data_Dec7_processed/straight/straight_000266.png,5,straight
/home/ispaik/me203/Lab8/lab8_materials/data_Dec7_processed/straight/straight_000267.png,5,straight
/home/ispaik/me203/Lab8/lab8_materials/data_Dec7_processed/straight/straight_000268.png,5,straight
/home/ispaik/me203/Lab8/lab8_materials/data_Dec7_processed/straight/straight_000269.png,5,straight
/home/ispaik/me203/Lab8/lab8_materials/data_Dec7_processed/straight/straight_000270.png,5,straight
/home/ispaik/me203/Lab8/lab8_materials/data_Dec7_processed/straight/straight_000271.png,5,straight
/home/ispaik/me203/Lab8/lab8_materials/data_Dec7_processed/straight/straight_000272.png,5,straight
/home/ispaik/me203/Lab8/lab8_materials/data_Dec7_processed/straight/straight_000273.png,5,straight
/home/ispaik/me203/Lab8/lab8_materials/data_Dec7_processed/straight/straight_000274.png,5,straight
/home/ispaik/me203/Lab8/lab8_materials/data_Dec7_processed/straight/straight_000275.png,5,straight
/home/ispaik/me203/Lab8/lab8_materials/data_Dec7_processed/straight/straight_000276.png,5,straight
/home/ispaik/me203/Lab8/lab8_materials/data_Dec7_processed/straight/straight_000277.png,5,straight
/home/ispaik/me203/Lab8/lab8_materials/data_Dec7_processed/straight/straight_000278.png,5,straight
/home/ispaik/me203/Lab8/lab8_materials/data_Dec7_processed/straight/straight_000279.png,5,straight
/home/ispaik/me203/Lab8/lab8_materials/data_Dec7_processed/straight/straight_000280.png,5,straight
/home/ispaik/me203/Lab8/lab8_materials/data_Dec7_processed/straight/straight_000281.png,5,straight
/home/ispaik/me203/Lab8/lab8_materials/data_Dec7_processed/straight/straight_000282.png,5,straight
/home/ispaik/me203/Lab8/lab8_materials/data_Dec7_processed/straight/straight_000283.png,5,straight
/home/ispaik/me203/Lab8/lab8_materials/data_Dec7_processed/straight/straight_000284.png,5,straight
/home/ispaik/me203/Lab8/lab8_materials/data_Dec7_processed/straight/straight_000285.png,5,straight
/home/ispaik/me203/Lab8/lab8_materials/data_Dec7_processed/straight/straight_000286.png,5,straight
/home/ispaik/me203/Lab8/lab8_materials/data_Dec7_processed/straight/straight_000287.png,5,straight
/home/ispaik/me203/Lab8/lab8_materials/data_Dec7_processed/straight/straight_000288.png,5,straight
/home/ispaik/me203/Lab8/lab8_materials/data_Dec7_processed/straight/straight_000289.png,5,straight
/home/ispaik/me203/Lab8/lab8_materials/data_Dec7_processed/straight/straight_000290.png,5,straight
/home/ispaik/me203/Lab8/lab8_materials/data_Dec7_processed/straight/straight_000291.png,5,straight
/home/ispaik/me203/Lab8/lab8_materials/data_Dec7_processed/straight/straight_000292.png,5,straight
/home/ispaik/me203/Lab8/lab8_materials/data_Dec7_processed/straight/straight_000293.png,5,straight
/home/ispaik/me203/Lab8/lab8_materials/data_Dec7_processed/straight/straight_000294.png,5,straight
/home/ispaik/me203/Lab8/lab8_materials/data_Dec7_processed/straight/straight_000295.png,5,straight
/home/ispaik/me203/Lab8/lab8_materials/data_Dec7_processed/straight/straight_000296.png,5,straight
/home/ispaik/me203/Lab8/lab8_materials/data_Dec7_processed/straight/straight_000297.png,5,straight
/home/ispaik/me203/Lab8/lab8_materials/data_Dec7_processed/straight/straight_000298.png,5,straight
/home/ispaik/me203/Lab8/lab8_materials/data_Dec7_processed/straight/straight_000299.png,5,straight
/home/ispaik/me203/Lab8/lab8_materials/data_Dec7_processed/straight/straight_000300.png,5,straight
/home/ispaik/me203/Lab8/lab8_materials/data_Dec7_processed/straight/straight_000301.png,5,straight
/home/ispaik/me203/Lab8/lab8_materials/data_Dec7_processed/straight/straight_000302.png,5,straight
/home/ispaik/me203/Lab8/lab8_materials/data_Dec7_processed/straight/straight_000303.png,5,straight
/home/ispaik/me203/Lab8/lab8_materials/data_Dec7_processed/straight/straight_000304.png,5,straight
/home/ispaik/me203/Lab8/lab8_materials/data_Dec7_processed/straight/straight_000305.png,5,straight
/home/ispaik/me203/Lab8/lab8_materials/data_Dec7_processed/straight/straight_000306.png,5,straight
/home/ispaik/me203/Lab8/lab8_materials/data_Dec7_processed/straight/straight_000307.png,5,straight
/home/ispaik/me203/Lab8/lab8_materials/data_Dec7_processed/straight/straight_000308.png,5,straight
/home/ispaik/me203/Lab8/lab8_materials/data_Dec7_processed/straight/straight_000309.png,5,straight
/home/ispaik/me203/Lab8/lab8_materials/data_Dec7_processed/straight/straight_000310.png,5,straight
/home/ispaik/me203/Lab8/lab8_materials/data_Dec7_processed/straight/straight_000311.png,5,straight
/home/ispaik/me203/Lab8/lab8_materials/data_Dec7_processed/straight/straight_000312.png,5,straight
/home/ispaik/me203/Lab8/lab8_materials/data_Dec7_processed/straight/straight_000313.png,5,straight
/home/ispaik/me203/Lab8/lab8_materials/data_Dec7_processed/straight/straight_000314.png,5,straight
/home/ispaik/me203/Lab8/lab8_materials/data_Dec7_processed/straight/straight_000315.png,5,straight
/home/ispaik/me203/Lab8/lab8_materials/data_Dec7_processed/straight/straight_000316.png,5,straight
/home/ispaik/me203/Lab8/lab8_materials/data_Dec7_processed/straight/straight_000317.png,5,straight
/home/ispaik/me203/Lab8/lab8_materials/data_Dec7_processed/straight/straight_000318.png,5,straight
/home/ispaik/me203/Lab8/lab8_materials/data_Dec7_processed/straight/straight_000319.png,5,straight
/home/ispaik/me203/Lab8/lab8_materials/data_Dec7_processed/straight/straight_000320.png,5,straight
/home/ispaik/me203/Lab8/lab8_materials/data_Dec7_processed/straight/straight_000321.png,5,straight
/home/ispaik/me203/Lab8/lab8_materials/data_Dec7_processed/straight/straight_000322.png,5,straight
/home/ispaik/me203/Lab8/lab8_materials/data_Dec7_processed/straight/straight_000323.png,5,straight
/home/ispaik/me203/Lab8/lab8_materials/data_Dec7_processed/straight/straight_000324.png,5,straight
/home/ispaik/me203/Lab8/lab8_materials/data_Dec7_processed/straight/straight_000325.png,5,straight
/home/ispaik/me203/Lab8/lab8_materials/data_Dec7_processed/straight/straight_000326.png,5,straight
/home/ispaik/me203/Lab8/lab8_materials/data_Dec7_processed/straight/straight_000327.png,5,straight
/home/ispaik/me203/Lab8/lab8_materials/data_Dec7_processed/straight/straight_000328.png,5,straight
/home/ispaik/me203/Lab8/lab8_materials/data_Dec7_processed/straight/straight_000329.png,5,straight
/home/ispaik/me203/Lab8/lab8_materials/data_Dec7_processed/straight/straight_000330.png,5,straight
/home/ispaik/me203/Lab8/lab8_materials/data_Dec7_processed/straight/straight_000331.png,5,straight
/home/ispaik/me203/Lab8/lab8_materials/data_Dec7_processed/straight/straight_000332.png,5,straight
/home/ispaik/me203/Lab8/lab8_materials/data_Dec7_processed/straight/straight_000333.png,5,straight
/home/ispaik/me203/Lab8/lab8_materials/data_Dec7_processed/straight/straight_000334.png,5,straight
/home/ispaik/me203/Lab8/lab8_materials/data_Dec7_processed/straight/straight_000335.png,5,straight
/home/ispaik/me203/Lab8/lab8_materials/data_Dec7_processed/straight/straight_000336.png,5,straight
/home/ispaik/me203/Lab8/lab8_materials/data_Dec7_processed/straight/straight_000337.png,5,straight
/home/ispaik/me203/Lab8/lab8_materials/data_Dec7_processed/straight/straight_000338.png,5,straight
/home/ispaik/me203/Lab8/lab8_materials/data_Dec7_processed/straight/straight_000339.png,5,straight
/home/ispaik/me203/Lab8/lab8_materials/data_Dec7_processed/straight/straight_000340.png,5,straight
/home/ispaik/me203/Lab8/lab8_materials/data_Dec7_processed/straight/straight_000341.png,5,straight
/home/ispaik/me203/Lab8/lab8_materials/data_Dec7_processed/straight/straight_000342.png,5,straight
/home/ispaik/me203/Lab8/lab8_materials/data_Dec7_processed/straight/straight_000343.png,5,straight
/home/ispaik/me203/Lab8/lab8_materials/data_Dec7_processed/straight/straight_000344.png,5,straight
/home/ispaik/me203/Lab8/lab8_materials/data_Dec7_processed/straight/straight_000345.png,5,straight
/home/ispaik/me203/Lab8/lab8_materials/data_Dec7_processed/straight/straight_000346.png,5,straight
/home/ispaik/me203/Lab8/lab8_materials/data_Dec7_processed/straight/straight_000347.png,5,straight
/home/ispaik/me203/Lab8/lab8_materials/data_Dec7_processed/straight/straight_000348.png,5,straight
/home/ispaik/me203/Lab8/lab8_materials/data_Dec7_processed/straight/straight_000349.png,5,straight
/home/ispaik/me203/Lab8/lab8_materials/data_Dec7_processed/straight/straight_000350.png,5,straight
/home/ispaik/me203/Lab8/lab8_materials/data_Dec7_processed/straight/straight_000351.png,5,straight
/home/ispaik/me203/Lab8/lab8_materials/data_Dec7_processed/straight/straight_000352.png,5,straight
/home/ispaik/me203/Lab8/lab8_materials/data_Dec7_processed/straight/straight_000353.png,5,straight
/home/ispaik/me203/Lab8/lab8_materials/data_Dec7_processed/straight/straight_000354.png,5,straight
/home/ispaik/me203/Lab8/lab8_materials/data_Dec7_processed/straight/straight_000355.png,5,straight
/home/ispaik/me203/Lab8/lab8_materials/data_Dec7_processed/straight/straight_000356.png,5,straight
/home/ispaik/me203/Lab8/lab8_materials/data_Dec7_processed/straight/straight_000357.png,5,straight
/home/ispaik/me203/Lab8/lab8_materials/data_Dec7_processed/straight/straight_000358.png,5,straight
/home/ispaik/me203/Lab8/lab8_materials/data_Dec7_processed/straight/straight_000359.png,5,straight
/home/ispaik/me203/Lab8/lab8_materials/data_Dec7_processed/straight/straight_000360.png,5,straight
/home/ispaik/me203/Lab8/lab8_materials/data_Dec7_processed/straight/straight_000361.png,5,straight
/home/ispaik/me203/Lab8/lab8_materials/data_Dec7_processed/straight/straight_000362.png,5,straight
/home/ispaik/me203/Lab8/lab8_materials/data_Dec7_processed/straight/straight_000363.png,5,straight
/home/ispaik/me203/Lab8/lab8_materials/data_Dec7_processed/straight/straight_000364.png,5,straight
/home/ispaik/me203/Lab8/lab8_materials/data_Dec7_processed/straight/straight_000365.png,5,straight
/home/ispaik/me203/Lab8/lab8_materials/data_Dec7_processed/straight/straight_000366.png,5,straight
/home/ispaik/me203/Lab8/lab8_materials/data_Dec7_processed/straight/straight_000367.png,5,straight
/home/ispaik/me203/Lab8/lab8_materials/data_Dec7_processed/straight/straight_000368.png,5,straight
/home/ispaik/me203/Lab8/lab8_materials/data_Dec7_processed/straight/straight_000369.png,5,straight
/home/ispaik/me203/Lab8/lab8_materials/data_Dec7_processed/straight/straight_000370.png,5,straight
/home/ispaik/me203/Lab8/lab8_materials/data_Dec7_processed/straight/straight_000371.png,5,straight
/home/ispaik/me203/Lab8/lab8_materials/data_Dec7_processed/straight/straight_000372.png,5,straight
/home/ispaik/me203/Lab8/lab8_materials/data_Dec7_processed/straight/straight_000373.png,5,straight
/home/ispaik/me203/Lab8/lab8_materials/data_Dec7_processed/straight/straight_000374.png,5,straight
/home/ispaik/me203/Lab8/lab8_materials/data_Dec7_processed/straight/straight_000375.png,5,straight
/home/ispaik/me203/Lab8/lab8_materials/data_Dec7_processed/straight/straight_000376.png,5,straight
/home/ispaik/me203/Lab8/lab8_materials/data_Dec7_processed/straight/straight_000377.png,5,straight
/home/ispaik/me203/Lab8/lab8_materials/data_Dec7_processed/straight/straight_000378.png,5,straight
/home/ispaik/me203/Lab8/lab8_materials/data_Dec7_processed/straight/straight_000379.png,5,straight
/home/ispaik/me203/Lab8/lab8_materials/data_Dec7_processed/straight/straight_000380.png,5,straight
/home/ispaik/me203/Lab8/lab8_materials/data_Dec7_processed/straight/straight_000381.png,5,straight
